theta_deg,phi_deg,irradiance_lux
0.00,0.00,2395.65846119
0.00,5.01,2395.65846119
0.00,10.03,2395.65846119
0.00,15.04,2395.65846119
0.00,20.06,2395.65846119
0.00,25.07,2395.65846119
0.00,30.08,2395.65846119
0.00,35.10,2395.65846119
0.00,40.11,2395.65846119
0.00,45.13,2395.65846119
0.00,50.14,2395.65846119
0.00,55.15,2395.65846119
0.00,60.17,2395.65846119
0.00,65.18,2395.65846119
0.00,70.19,2395.65846119
0.00,75.21,2395.65846119
0.00,80.22,2395.65846119
0.00,85.24,2395.65846119
0.00,90.25,2395.65846119
0.00,95.26,2395.65846119
0.00,100.28,2395.65846119
0.00,105.29,2395.65846119
0.00,110.31,2395.65846119
0.00,115.32,2395.65846119
0.00,120.33,2395.65846119
0.00,125.35,2395.65846119
0.00,130.36,2395.65846119
0.00,135.38,2395.65846119
0.00,140.39,2395.65846119
0.00,145.40,2395.65846119
0.00,150.42,2395.65846119
0.00,155.43,2395.65846119
0.00,160.45,2395.65846119
0.00,165.46,2395.65846119
0.00,170.47,2395.65846119
0.00,175.49,2395.65846119
0.00,180.50,2395.65846119
0.00,185.52,2395.65846119
0.00,190.53,2395.65846119
0.00,195.54,2395.65846119
0.00,200.56,2395.65846119
0.00,205.57,2395.65846119
0.00,210.58,2395.65846119
0.00,215.60,2395.65846119
0.00,220.61,2395.65846119
0.00,225.63,2395.65846119
0.00,230.64,2395.65846119
0.00,235.65,2395.65846119
0.00,240.67,2395.65846119
0.00,245.68,2395.65846119
0.00,250.70,2395.65846119
0.00,255.71,2395.65846119
0.00,260.72,2395.65846119
0.00,265.74,2395.65846119
0.00,270.75,2395.65846119
0.00,275.77,2395.65846119
0.00,280.78,2395.65846119
0.00,285.79,2395.65846119
0.00,290.81,2395.65846119
0.00,295.82,2395.65846119
0.00,300.84,2395.65846119
0.00,305.85,2395.65846119
0.00,310.86,2395.65846119
0.00,315.88,2395.65846119
0.00,320.89,2395.65846119
0.00,325.91,2395.65846119
0.00,330.92,2395.65846119
0.00,335.93,2395.65846119
0.00,340.95,2395.65846119
0.00,345.96,2395.65846119
0.00,350.97,2395.65846119
0.00,355.99,2395.65846119
4.00,0.00,2387.97769522
4.00,5.01,2387.93379450
4.00,10.03,2387.93384766
4.00,15.04,2387.93373569
4.00,20.06,2387.93365415
4.00,25.07,2387.93360431
4.00,30.08,2387.93380001
4.00,35.10,2387.93360435
4.00,40.11,2387.93365421
4.00,45.13,2387.93373574
4.00,50.14,2387.93384766
4.00,55.15,2387.93379463
4.00,60.17,2387.97769520
4.00,65.18,2387.97771654
4.00,70.19,2387.93384763
4.00,75.21,2387.93373560
4.00,80.22,2387.93365405
4.00,85.24,2387.93360423
4.00,90.25,2387.93379998
4.00,95.26,2387.97768966
4.00,100.28,2387.93365424
4.00,105.29,2387.93373576
4.00,110.31,2387.93384762
4.00,115.32,2387.93379473
4.00,120.33,2387.97769515
4.00,125.35,2387.97771666
4.00,130.36,2387.93384756
4.00,135.38,2387.93373548
4.00,140.39,2387.93365391
4.00,145.40,2387.93360412
4.00,150.42,2387.93379991
4.00,155.43,2387.97768978
4.00,160.45,2387.93365423
4.00,165.46,2387.88967593
4.00,170.47,2387.93384754
4.00,175.49,2387.93379479
4.00,180.50,2387.97769506
4.00,185.52,2387.97771674
4.00,190.53,2387.93384746
4.00,195.54,2387.93373532
4.00,200.56,2387.93365374
4.00,205.57,2387.93360398
4.00,210.58,2387.93379980
4.00,215.60,2387.97768986
4.00,220.61,2387.93365419
4.00,225.63,2387.88967613
4.00,230.64,2387.93384742
4.00,235.65,2387.93379482
4.00,240.67,2387.97769494
4.00,245.68,2387.97771678
4.00,250.70,2387.93384732
4.00,255.71,2387.93373512
4.00,260.72,2387.97772231
4.00,265.74,2387.93360380
4.00,270.75,2387.93379965
4.00,275.77,2387.97768991
4.00,280.78,2387.93365412
4.00,285.79,2387.88967630
4.00,290.81,2387.93384727
4.00,295.82,2387.93379481
4.00,300.84,2387.97769478
4.00,305.85,2387.97771680
4.00,310.86,2387.93384714
4.00,315.88,2387.93373489
4.00,320.89,2387.97772229
4.00,325.91,2387.93360359
4.00,330.92,2387.93379947
4.00,335.93,2387.97768993
4.00,340.95,2387.93365401
4.00,345.96,2387.88967643
4.00,350.97,2387.93384709
4.00,355.99,2387.93379476
8.00,0.00,2377.54732483
8.00,5.01,2377.50325162
8.00,10.03,2377.54717441
8.00,15.04,2377.54687238
8.00,20.06,2377.59092011
8.00,25.07,2377.59124309
8.00,30.08,2377.59078761
8.00,35.10,2377.54706825
8.00,40.11,2377.59092024
8.00,45.13,2377.54687230
8.00,50.14,2377.54717495
8.00,55.15,2377.54708622
8.00,60.17,2377.50322909
8.00,65.18,2377.50325128
8.00,70.19,2377.54717380
8.00,75.21,2377.54687238
8.00,80.22,2377.54713342
8.00,85.24,2377.59124305
8.00,90.25,2377.54702519
8.00,95.26,2377.54706856
8.00,100.28,2377.59092029
8.00,105.29,2377.54687216
8.00,110.31,2377.54717542
8.00,115.32,2377.54708700
8.00,120.33,2377.50322960
8.00,125.35,2377.50325086
8.00,130.36,2377.54717312
8.00,135.38,2377.54687232
8.00,140.39,2377.54713361
8.00,145.40,2377.59124293
8.00,150.42,2377.54702540
8.00,155.43,2377.54706881
8.00,160.45,2377.59092028
8.00,165.46,2377.54687195
8.00,170.47,2377.54717581
8.00,175.49,2377.54708772
8.00,180.50,2377.50323005
8.00,185.52,2377.50329135
8.00,190.53,2377.54717236
8.00,195.54,2377.54687219
8.00,200.56,2377.54713373
8.00,205.57,2377.59124274
8.00,210.58,2377.54702554
8.00,215.60,2377.54706898
8.00,220.61,2377.59092019
8.00,225.63,2377.50313362
8.00,230.64,2377.54717614
8.00,235.65,2377.54708836
8.00,240.67,2377.50323042
8.00,245.68,2377.50329203
8.00,250.70,2377.50311688
8.00,255.71,2377.54687199
8.00,260.72,2377.54713377
8.00,265.74,2377.59124248
8.00,270.75,2377.54702561
8.00,275.77,2377.54706908
8.00,280.78,2377.59092004
8.00,285.79,2377.50313344
8.00,290.81,2377.54717639
8.00,295.82,2377.54708893
8.00,300.84,2377.50323071
8.00,305.85,2377.50329263
8.00,310.86,2377.50311666
8.00,315.88,2377.50283832
8.00,320.89,2377.50312136
8.00,325.91,2377.54725106
8.00,330.92,2377.54702561
8.00,335.93,2377.54706911
8.00,340.95,2377.59091982
8.00,345.96,2377.50313320
8.00,350.97,2377.54717657
8.00,355.99,2377.54708943
12.00,0.00,2377.40143300
12.00,5.01,2377.44518973
12.00,10.03,2377.48924118
12.00,15.04,2377.48969245
12.00,20.06,2377.44560750
12.00,25.07,2377.44512496
12.00,30.08,2377.44580542
12.00,35.10,2377.44512500
12.00,40.11,2377.44560731
12.00,45.13,2377.48969256
12.00,50.14,2377.48924037
12.00,55.15,2377.44518934
12.00,60.17,2377.44522386
12.00,65.18,2377.44519023
12.00,70.19,2377.48924209
12.00,75.21,2377.48969245
12.00,80.22,2377.44560779
12.00,85.24,2377.44512502
12.00,90.25,2377.44580552
12.00,95.26,2377.48939948
12.00,100.28,2377.44560723
12.00,105.29,2377.48969277
12.00,110.31,2377.48923967
12.00,115.32,2377.44518905
12.00,120.33,2377.44522310
12.00,125.35,2377.44519084
12.00,130.36,2377.44562575
12.00,135.38,2377.48969254
12.00,140.39,2377.44560818
12.00,145.40,2377.44512519
12.00,150.42,2377.44580572
12.00,155.43,2377.48939911
12.00,160.45,2377.44560725
12.00,165.46,2377.48969309
12.00,170.47,2377.48923908
12.00,175.49,2377.48937067
12.00,180.50,2377.44522246
12.00,185.52,2377.44519156
12.00,190.53,2377.44562669
12.00,195.54,2377.48969274
12.00,200.56,2377.44560868
12.00,205.57,2377.44512547
12.00,210.58,2377.44580603
12.00,215.60,2377.48939885
12.00,220.61,2377.44560738
12.00,225.63,2377.48969351
12.00,230.64,2377.48923859
12.00,235.65,2377.48936971
12.00,240.67,2377.44522192
12.00,245.68,2377.44519238
12.00,250.70,2377.44562773
12.00,255.71,2377.48969305
12.00,260.72,2377.44560929
12.00,265.74,2377.44512586
12.00,270.75,2377.44580644
12.00,275.77,2377.48939869
12.00,280.78,2377.44560761
12.00,285.79,2377.48969403
12.00,290.81,2377.48923822
12.00,295.82,2377.48936886
12.00,300.84,2377.44522149
12.00,305.85,2377.44519332
12.00,310.86,2377.40141467
12.00,315.88,2377.48969345
12.00,320.89,2377.44560999
12.00,325.91,2377.44512636
12.00,330.92,2377.44580695
12.00,335.93,2377.48939864
12.00,340.95,2377.44560794
12.00,345.96,2377.48969466
12.00,350.97,2377.48923794
12.00,355.99,2377.48936811
16.00,0.00,2387.97828338
16.00,5.01,2387.97819790
16.00,10.03,2388.11049647
16.00,15.04,2388.06650669
16.00,20.06,2388.06601839
16.00,25.07,2388.11063143
16.00,30.08,2388.06628075
16.00,35.10,2388.15417087
16.00,40.11,2388.06601815
16.00,45.13,2388.06650585
16.00,50.14,2388.11049588
16.00,55.15,2387.97819877
16.00,60.17,2387.97828345
16.00,65.18,2387.97819717
16.00,70.19,2388.11049718
16.00,75.21,2388.06650767
16.00,80.22,2388.06601878
16.00,85.24,2388.11063114
16.00,90.25,2388.06628088
16.00,95.26,2388.15417085
16.00,100.28,2388.06601804
16.00,105.29,2388.06650515
16.00,110.31,2388.11049543
16.00,115.32,2388.02196725
16.00,120.33,2387.97828365
16.00,125.35,2387.97819658
16.00,130.36,2388.11049803
16.00,135.38,2388.06650878
16.00,140.39,2388.06601930
16.00,145.40,2388.11063098
16.00,150.42,2388.06628115
16.00,155.43,2388.15417096
16.00,160.45,2388.06601807
16.00,165.46,2388.06650458
16.00,170.47,2388.11049512
16.00,175.49,2388.06621722
16.00,180.50,2387.97828399
16.00,185.52,2387.97819613
16.00,190.53,2388.11049902
16.00,195.54,2388.11014081
16.00,200.56,2388.06601996
16.00,205.57,2388.11063096
16.00,210.58,2388.06628156
16.00,215.60,2388.10975130
16.00,220.61,2388.06601824
16.00,225.63,2388.06650414
16.00,230.64,2388.11049494
16.00,235.65,2388.06621605
16.00,240.67,2387.97828447
16.00,245.68,2387.97819581
16.00,250.70,2388.06668604
16.00,255.71,2388.11014121
16.00,260.72,2388.06602075
16.00,265.74,2388.06625284
16.00,270.75,2388.06628210
16.00,275.77,2388.10975109
16.00,280.78,2388.06601854
16.00,285.79,2388.06650383
16.00,290.81,2388.11049489
16.00,295.82,2388.06621502
16.00,300.84,2387.97828508
16.00,305.85,2387.97819563
16.00,310.86,2388.06668597
16.00,315.88,2388.11014176
16.00,320.89,2388.06602169
16.00,325.91,2388.06625227
16.00,330.92,2388.06628278
16.00,335.93,2388.10975102
16.00,340.95,2388.06601899
16.00,345.96,2388.06650366
16.00,350.97,2388.11049498
16.00,355.99,2388.06621413
20.00,0.00,2396.92070080
20.00,5.01,2396.96502498
20.00,10.03,2396.96507515
20.00,15.04,2396.96486159
20.00,20.06,2396.96483134
20.00,25.07,2397.14072891
20.00,30.08,2397.14071146
20.00,35.10,2397.14072921
20.00,40.11,2396.96483192
20.00,45.13,2396.96486241
20.00,50.14,2396.96507326
20.00,55.15,2396.96502326
20.00,60.17,2396.92070081
20.00,65.18,2396.92070359
20.00,70.19,2396.96507705
20.00,75.21,2396.96486077
20.00,80.22,2396.96483077
20.00,85.24,2397.14072863
20.00,90.25,2397.14071148
20.00,95.26,2397.14072951
20.00,100.28,2396.96483251
20.00,105.29,2396.96486326
20.00,110.31,2396.96507137
20.00,115.32,2396.96502155
20.00,120.33,2396.92070082
20.00,125.35,2396.92070386
20.00,130.36,2396.96507896
20.00,135.38,2396.96485996
20.00,140.39,2396.96483022
20.00,145.40,2397.14072836
20.00,150.42,2397.14071150
20.00,155.43,2397.14072983
20.00,160.45,2396.96483312
20.00,165.46,2396.96486411
20.00,170.47,2396.92130506
20.00,175.49,2396.96501985
20.00,180.50,2396.92070085
20.00,185.52,2396.92070416
20.00,190.53,2396.96508088
20.00,195.54,2397.00868325
20.00,200.56,2396.96482967
20.00,205.57,2397.14072810
20.00,210.58,2397.14071153
20.00,215.60,2397.14073016
20.00,220.61,2396.96483373
20.00,225.63,2396.96486497
20.00,230.64,2396.96490082
20.00,235.65,2396.96501815
20.00,240.67,2396.92070089
20.00,245.68,2396.92070446
20.00,250.70,2396.96508281
20.00,255.71,2397.00868415
20.00,260.72,2396.96482913
20.00,265.74,2397.14072785
20.00,270.75,2397.14071158
20.00,275.77,2397.14073050
20.00,280.78,2396.96483435
20.00,285.79,2396.96486584
20.00,290.81,2396.96490191
20.00,295.82,2396.96501647
20.00,300.84,2396.92070095
20.00,305.85,2396.92070477
20.00,310.86,2396.96508475
20.00,315.88,2397.00868506
20.00,320.89,2396.96482861
20.00,325.91,2397.14072761
20.00,330.92,2397.14071164
20.00,335.93,2397.14073085
20.00,340.95,2396.96483499
20.00,345.96,2396.96486672
20.00,350.97,2396.96490302
20.00,355.99,2396.96501480
24.00,0.00,2388.51713845
24.00,5.01,2388.47287919
24.00,10.03,2388.51673177
24.00,15.04,2388.51727112
24.00,20.06,2388.42832875
24.00,25.07,2388.47267804
24.00,30.08,2388.47381493
24.00,35.10,2388.47267858
24.00,40.11,2388.42832906
24.00,45.13,2388.51727036
24.00,50.14,2388.51673226
24.00,55.15,2388.47287947
24.00,60.17,2388.51713835
24.00,65.18,2388.47287871
24.00,70.19,2388.51673109
24.00,75.21,2388.51727169
24.00,80.22,2388.42832825
24.00,85.24,2388.47267730
24.00,90.25,2388.47381473
24.00,95.26,2388.47267893
24.00,100.28,2388.42832918
24.00,105.29,2388.51726941
24.00,110.31,2388.51673256
24.00,115.32,2388.47287956
24.00,120.33,2388.51713806
24.00,125.35,2388.47287804
24.00,130.36,2388.51673022
24.00,135.38,2388.51727206
24.00,140.39,2388.51671450
24.00,145.40,2388.47267638
24.00,150.42,2388.47381433
24.00,155.43,2388.47267910
24.00,160.45,2388.42832912
24.00,165.46,2388.47348430
24.00,170.47,2388.51673267
24.00,175.49,2388.47287946
24.00,180.50,2388.47280869
24.00,185.52,2388.47287718
24.00,190.53,2388.51672915
24.00,195.54,2388.51727223
24.00,200.56,2388.51671703
24.00,205.57,2388.47267526
24.00,210.58,2388.47381373
24.00,215.60,2388.47267907
24.00,220.61,2388.42832887
24.00,225.63,2388.47348494
24.00,230.64,2388.51673259
24.00,235.65,2388.47287917
24.00,240.67,2388.47280986
24.00,245.68,2388.47287613
24.00,250.70,2388.51672789
24.00,255.71,2388.51727221
24.00,260.72,2388.51671938
24.00,265.74,2388.47267396
24.00,270.75,2388.47258371
24.00,275.77,2388.47267885
24.00,280.78,2388.47176803
24.00,285.79,2388.47348539
24.00,290.81,2388.51673231
24.00,295.82,2388.47287868
24.00,300.84,2388.47281084
24.00,305.85,2388.47287488
24.00,310.86,2388.51672645
24.00,315.88,2388.51727199
24.00,320.89,2388.51672153
24.00,325.91,2388.47267246
24.00,330.92,2388.47258484
24.00,335.93,2388.47267844
24.00,340.95,2388.47176873
24.00,345.96,2388.47348563
24.00,350.97,2388.51673185
24.00,355.99,2388.51645573
28.00,0.00,2377.99421646
28.00,5.01,2378.12536787
28.00,10.03,2378.12570587
28.00,15.04,2378.08155630
28.00,20.06,2378.08123612
28.00,25.07,2378.03846223
28.00,30.08,2378.03691481
28.00,35.10,2378.03846286
28.00,40.11,2378.08123563
28.00,45.13,2378.08155418
28.00,50.14,2378.12570604
28.00,55.15,2378.12536993
28.00,60.17,2377.99421635
28.00,65.18,2378.12536560
28.00,70.19,2378.12570549
28.00,75.21,2378.08155821
28.00,80.22,2378.08123640
28.00,85.24,2378.03846138
28.00,90.25,2378.03691461
28.00,95.26,2378.03846326
28.00,100.28,2378.03740802
28.00,105.29,2378.08155184
28.00,110.31,2378.12570599
28.00,115.32,2378.12537178
28.00,120.33,2377.99421602
28.00,125.35,2378.12536311
28.00,130.36,2378.12570489
28.00,135.38,2378.08155991
28.00,140.39,2378.08123647
28.00,145.40,2378.03846032
28.00,150.42,2378.03691419
28.00,155.43,2378.03846345
28.00,160.45,2378.03740947
28.00,165.46,2378.08154929
28.00,170.47,2378.12570573
28.00,175.49,2378.12537342
28.00,180.50,2377.99421548
28.00,185.52,2378.12536042
28.00,190.53,2378.12570408
28.00,195.54,2378.08156139
28.00,200.56,2378.08123633
28.00,205.57,2378.08236902
28.00,210.58,2378.03691357
28.00,215.60,2378.03846341
28.00,220.61,2378.03741070
28.00,225.63,2378.08154653
28.00,230.64,2378.12570526
28.00,235.65,2378.12537485
28.00,240.67,2378.03861386
28.00,245.68,2378.03754298
28.00,250.70,2378.12570306
28.00,255.71,2378.08156267
28.00,260.72,2378.08123598
28.00,265.74,2378.08236990
28.00,270.75,2378.03691274
28.00,275.77,2378.03846316
28.00,280.78,2378.03741171
28.00,285.79,2378.03698593
28.00,290.81,2378.12570457
28.00,295.82,2378.12537607
28.00,300.84,2378.03861499
28.00,305.85,2378.03754400
28.00,310.86,2378.12570182
28.00,315.88,2378.08156373
28.00,320.89,2378.08123542
28.00,325.91,2378.08237057
28.00,330.92,2378.03691171
28.00,335.93,2378.03846268
28.00,340.95,2378.03741252
28.00,345.96,2378.03698452
28.00,350.97,2378.12570367
28.00,355.99,2378.12537707
32.00,0.00,2359.27719229
32.00,5.01,2359.16276946
32.00,10.03,2359.28078307
32.00,15.04,2359.27925270
32.00,20.06,2359.28177655
32.00,25.07,2359.16093701
32.00,30.08,2359.16481131
32.00,35.10,2359.16094104
32.00,40.11,2359.28177510
32.00,45.13,2359.27925652
32.00,50.14,2359.28078228
32.00,55.15,2359.16276834
32.00,60.17,2359.27719200
32.00,65.18,2359.16276999
32.00,70.19,2359.28078324
32.00,75.21,2359.27924827
32.00,80.22,2359.28177738
32.00,85.24,2359.27665930
32.00,90.25,2359.16481070
32.00,95.26,2359.16094449
32.00,100.28,2359.28177302
32.00,105.29,2359.27925975
32.00,110.31,2359.28078087
32.00,115.32,2359.27975819
32.00,120.33,2359.16248626
32.00,125.35,2359.16276992
32.00,130.36,2359.28078280
32.00,135.38,2359.27924323
32.00,140.39,2359.28177759
32.00,145.40,2359.39465372
32.00,150.42,2359.16480946
32.00,155.43,2359.16094735
32.00,160.45,2359.28177031
32.00,165.46,2359.27926237
32.00,170.47,2359.28077885
32.00,175.49,2359.27976247
32.00,180.50,2359.16249082
32.00,185.52,2359.16276925
32.00,190.53,2359.28078174
32.00,195.54,2359.27923760
32.00,200.56,2359.28177717
32.00,205.57,2359.28071545
32.00,210.58,2359.16480761
32.00,215.60,2359.16094963
32.00,220.61,2359.28176698
32.00,225.63,2359.27926439
32.00,230.64,2359.28077621
32.00,235.65,2359.27976614
32.00,240.67,2359.16249480
32.00,245.68,2359.16276798
32.00,250.70,2359.28078007
32.00,255.71,2359.27923136
32.00,260.72,2359.28177613
32.00,265.74,2359.28072429
32.00,270.75,2359.16480515
32.00,275.77,2359.16095132
32.00,280.78,2359.28176303
32.00,285.79,2359.27926581
32.00,290.81,2359.28077296
32.00,295.82,2359.27976921
32.00,300.84,2359.16249817
32.00,305.85,2359.16276612
32.00,310.86,2359.28077778
32.00,315.88,2359.16502737
32.00,320.89,2359.28177446
32.00,325.91,2359.28073252
32.00,330.92,2359.16480207
32.00,335.93,2359.16095244
32.00,340.95,2359.16629229
32.00,345.96,2359.27926662
32.00,350.97,2359.28076909
32.00,355.99,2359.27977166
36.00,0.00,2331.59003325
36.00,5.01,2331.47577386
36.00,10.03,2331.47630361
36.00,15.04,2331.70568407
36.00,20.06,2331.58999769
36.00,25.07,2331.58943916
36.00,30.08,2331.70528846
36.00,35.10,2331.58943574
36.00,40.11,2331.58999064
36.00,45.13,2331.70568637
36.00,50.14,2331.59052266
36.00,55.15,2331.47577260
36.00,60.17,2331.59003293
36.00,65.18,2331.59057402
36.00,70.19,2331.47629752
36.00,75.21,2331.70568112
36.00,80.22,2331.59000409
36.00,85.24,2331.58944192
36.00,90.25,2331.59166933
36.00,95.26,2331.47375060
36.00,100.28,2331.58998294
36.00,105.29,2331.70568802
36.00,110.31,2331.59053333
36.00,115.32,2331.47577066
36.00,120.33,2331.59003196
36.00,125.35,2331.59058102
36.00,130.36,2331.35943663
36.00,135.38,2331.70567753
36.00,140.39,2331.59000985
36.00,145.40,2331.58944405
36.00,150.42,2331.59167180
36.00,155.43,2331.47375377
36.00,160.45,2331.58997459
36.00,165.46,2331.70568902
36.00,170.47,2331.59054334
36.00,175.49,2331.47576807
36.00,180.50,2331.59003033
36.00,185.52,2331.59058736
36.00,190.53,2331.35943682
36.00,195.54,2331.70567329
36.00,200.56,2331.59001495
36.00,205.57,2331.58944553
36.00,210.58,2331.59167360
36.00,215.60,2331.47375629
36.00,220.61,2331.58996559
36.00,225.63,2331.70568937
36.00,230.64,2331.59055269
36.00,235.65,2331.47576481
36.00,240.67,2331.59002806
36.00,245.68,2331.59059305
36.00,250.70,2331.35943635
36.00,255.71,2331.70566841
36.00,260.72,2331.59001941
36.00,265.74,2331.58944636
36.00,270.75,2331.59167474
36.00,275.77,2331.47375817
36.00,280.78,2331.58995594
36.00,285.79,2331.70568908
36.00,290.81,2331.59056140
36.00,295.82,2331.47576089
36.00,300.84,2331.59002514
36.00,305.85,2331.59059809
36.00,310.86,2331.47717925
36.00,315.88,2331.70566287
36.00,320.89,2331.59002322
36.00,325.91,2331.58944655
36.00,330.92,2331.47335362
36.00,335.93,2331.47375940
36.00,340.95,2331.47191578
36.00,345.96,2331.70568814
36.00,350.97,2331.59056945
36.00,355.99,2331.47575630
40.00,0.00,2300.07133003
40.00,5.01,2299.95490686
40.00,10.03,2299.95569580
40.00,15.04,2300.07698469
40.00,20.06,2300.31822976
40.00,25.07,2300.67806865
40.00,30.08,2300.44373918
40.00,35.10,2300.67804269
40.00,40.11,2300.31823089
40.00,45.13,2300.07698081
40.00,50.14,2299.95570369
40.00,55.15,2299.95489149
40.00,60.17,2300.07132938
40.00,65.18,2300.07259682
40.00,70.19,2299.95568663
40.00,75.21,2300.07698724
40.00,80.22,2300.31822733
40.00,85.24,2300.67809329
40.00,90.25,2300.44373790
40.00,95.26,2300.67801544
40.00,100.28,2300.31823070
40.00,105.29,2300.07697560
40.00,110.31,2299.95571028
40.00,115.32,2299.95487483
40.00,120.33,2300.07132745
40.00,125.35,2300.07261696
40.00,130.36,2299.95567617
40.00,135.38,2300.07698845
40.00,140.39,2300.31822359
40.00,145.40,2300.55942315
40.00,150.42,2300.44373533
40.00,155.43,2300.67798687
40.00,160.45,2300.31822921
40.00,165.46,2300.07696905
40.00,170.47,2299.95571558
40.00,175.49,2299.95485689
40.00,180.50,2300.07132423
40.00,185.52,2300.07263581
40.00,190.53,2299.95566441
40.00,195.54,2300.07698833
40.00,200.56,2300.31821854
40.00,205.57,2300.55944913
40.00,210.58,2300.44373147
40.00,215.60,2300.67795701
40.00,220.61,2300.31822642
40.00,225.63,2300.07696118
40.00,230.64,2299.95571959
40.00,235.65,2299.95483767
40.00,240.67,2300.07131973
40.00,245.68,2300.07265336
40.00,250.70,2299.95565137
40.00,255.71,2300.07698688
40.00,260.72,2300.31821219
40.00,265.74,2300.55947382
40.00,270.75,2300.44372633
40.00,275.77,2300.31906785
40.00,280.78,2300.31822231
40.00,285.79,2300.07695197
40.00,290.81,2300.07272196
40.00,295.82,2300.30949071
40.00,300.84,2300.07131394
40.00,305.85,2300.07266961
40.00,310.86,2300.31241890
40.00,315.88,2300.07698410
40.00,320.89,2300.31820453
40.00,325.91,2300.55949723
40.00,330.92,2300.55969815
40.00,335.93,2300.31906204
40.00,340.95,2300.31821690
40.00,345.96,2300.07694143
40.00,350.97,2300.07273168
40.00,355.99,2300.30949055
44.00,0.00,2218.57204582
44.00,5.01,2218.56260929
44.00,10.03,2218.56727979
44.00,15.04,2218.91738823
44.00,20.06,2218.55780097
44.00,25.07,2218.55536032
44.00,30.08,2218.21207137
44.00,35.10,2218.55535664
44.00,40.11,2218.55779269
44.00,45.13,2218.91742294
44.00,50.14,2218.56725645
44.00,55.15,2218.56262163
44.00,60.17,2218.57204472
44.00,65.18,2218.56259481
44.00,70.19,2218.56730097
44.00,75.21,2218.55499613
44.00,80.22,2218.55780717
44.00,85.24,2218.55536193
44.00,90.25,2218.21206916
44.00,95.26,2218.55535089
44.00,100.28,2218.55778232
44.00,105.29,2218.91745557
44.00,110.31,2218.56723093
44.00,115.32,2218.56263184
44.00,120.33,2218.57204140
44.00,125.35,2218.56257821
44.00,130.36,2218.56731997
44.00,135.38,2218.55498587
44.00,140.39,2218.55781127
44.00,145.40,2218.55536147
44.00,150.42,2218.21206473
44.00,155.43,2218.55534307
44.00,160.45,2218.55776985
44.00,165.46,2218.91748610
44.00,170.47,2218.56720325
44.00,175.49,2218.56263992
44.00,180.50,2218.20725527
44.00,185.52,2218.56255947
44.00,190.53,2218.91759091
44.00,195.54,2218.55497354
44.00,200.56,2218.55781328
44.00,205.57,2218.55535894
44.00,210.58,2218.21205808
44.00,215.60,2218.55533318
44.00,220.61,2218.55775529
44.00,225.63,2218.91751454
44.00,230.64,2218.56717339
44.00,235.65,2218.56264587
44.00,240.67,2218.20727371
44.00,245.68,2218.56253860
44.00,250.70,2218.91761062
44.00,255.71,2218.55495914
44.00,260.72,2218.55781321
44.00,265.74,2218.55535435
44.00,270.75,2218.21204922
44.00,275.77,2218.55532122
44.00,280.78,2218.55773865
44.00,285.79,2218.91754089
44.00,290.81,2218.21086746
44.00,295.82,2218.56264968
44.00,300.84,2218.20728998
44.00,305.85,2218.56251560
44.00,310.86,2218.91762824
44.00,315.88,2218.55494266
44.00,320.89,2218.55781104
44.00,325.91,2218.55534768
44.00,330.92,2218.57198261
44.00,335.93,2218.55530719
44.00,340.95,2218.55771991
44.00,345.96,2218.91756514
44.00,350.97,2218.21085989
44.00,355.99,2218.56265136
48.00,0.00,2132.29552647
48.00,5.01,2132.30689583
48.00,10.03,2132.29838332
48.00,15.04,2131.94964721
48.00,20.06,2132.30666959
48.00,25.07,2132.67084542
48.00,30.08,2131.94126585
48.00,35.10,2132.67082907
48.00,40.11,2132.30670090
48.00,45.13,2131.94964516
48.00,50.14,2132.29839542
48.00,55.15,2132.30690366
48.00,60.17,2132.29552547
48.00,65.18,2132.30688590
48.00,70.19,2132.29836920
48.00,75.21,2131.94964714
48.00,80.22,2132.30663617
48.00,85.24,2132.67085962
48.00,90.25,2131.94126380
48.00,95.26,2132.67081060
48.00,100.28,2132.30673012
48.00,105.29,2131.94964098
48.00,110.31,2132.29840549
48.00,115.32,2132.30690939
48.00,120.33,2132.29552247
48.00,125.35,2132.30687387
48.00,130.36,2132.29835306
48.00,135.38,2131.94964495
48.00,140.39,2132.30660066
48.00,145.40,2132.67087169
48.00,150.42,2131.94125968
48.00,155.43,2132.67078998
48.00,160.45,2132.30675724
48.00,165.46,2131.94963467
48.00,170.47,2132.29841353
48.00,175.49,2132.30691302
48.00,180.50,2132.29551746
48.00,185.52,2132.30685975
48.00,190.53,2132.29833488
48.00,195.54,2131.94964062
48.00,200.56,2132.30656305
48.00,205.57,2132.30115636
48.00,210.58,2131.94125352
48.00,215.60,2132.67076723
48.00,220.61,2132.30678227
48.00,225.63,2131.94962623
48.00,230.64,2132.29841954
48.00,235.65,2132.30691455
48.00,240.67,2132.29551045
48.00,245.68,2132.30684352
48.00,250.70,2131.94535128
48.00,255.71,2132.30680170
48.00,260.72,2132.30652335
48.00,265.74,2132.30117850
48.00,270.75,2131.94124530
48.00,275.77,2132.67074235
48.00,280.78,2132.30680519
48.00,285.79,2131.94961567
48.00,290.81,2132.29842352
48.00,295.82,2132.30691398
48.00,300.84,2132.29550144
48.00,305.85,2132.30682520
48.00,310.86,2132.31228510
48.00,315.88,2132.30682286
48.00,320.89,2132.30648155
48.00,325.91,2132.30119860
48.00,330.92,2132.30119069
48.00,335.93,2132.67071533
48.00,340.95,2132.30682602
48.00,345.96,2132.31235350
48.00,350.97,2132.29842548
48.00,355.99,2132.30691132
52.00,0.00,2046.39400278
52.00,5.01,2046.04145526
52.00,10.03,2046.39719393
52.00,15.04,2046.38705352
52.00,20.06,2046.03566487
52.00,25.07,2046.03245123
52.00,30.08,2045.69123731
52.00,35.10,2046.03245708
52.00,40.11,2046.03567543
52.00,45.13,2046.01903933
52.00,50.14,2046.39720143
52.00,55.15,2046.04143004
52.00,60.17,2046.39400176
52.00,65.18,2046.04147837
52.00,70.19,2046.39718437
52.00,75.21,2046.38707997
52.00,80.22,2046.03565228
52.00,85.24,2046.03244336
52.00,90.25,2045.69123513
52.00,95.26,2046.03246091
52.00,100.28,2046.03568394
52.00,105.29,2046.01903361
52.00,110.31,2046.39720686
52.00,115.32,2045.67503716
52.00,120.33,2046.39399871
52.00,125.35,2046.39662504
52.00,130.36,2046.39717275
52.00,135.38,2046.03518840
52.00,140.39,2046.03563764
52.00,145.40,2046.03243349
52.00,150.42,2045.69123077
52.00,155.43,2046.03246273
52.00,160.45,2046.03569041
52.00,165.46,2046.01902600
52.00,170.47,2046.39721024
52.00,175.49,2045.67503609
52.00,180.50,2046.39399363
52.00,185.52,2046.39667315
52.00,190.53,2046.39715907
52.00,195.54,2046.03523297
52.00,200.56,2046.03562095
52.00,205.57,2046.03242159
52.00,210.58,2045.69122423
52.00,215.60,2046.03246253
52.00,220.61,2046.03569484
52.00,225.63,2046.01901648
52.00,230.64,2046.39721155
52.00,235.65,2046.03980043
52.00,240.67,2046.39398651
52.00,245.68,2046.39671921
52.00,250.70,2046.39714333
52.00,255.71,2046.03527550
52.00,260.72,2046.03560223
52.00,265.74,2046.03240768
52.00,270.75,2046.05114846
52.00,275.77,2046.03246032
52.00,280.78,2046.03569722
52.00,285.79,2046.01900507
52.00,290.81,2046.39721081
52.00,295.82,2046.39336746
52.00,300.84,2046.39397736
52.00,305.85,2046.39676321
52.00,310.86,2046.39712553
52.00,315.88,2046.03531600
52.00,320.89,2046.03558146
52.00,325.91,2046.03239175
52.00,330.92,2046.40151864
52.00,335.93,2046.03245609
52.00,340.95,2046.03569756
52.00,345.96,2045.66229414
52.00,350.97,2046.39720800
52.00,355.99,2046.39341725
56.00,0.00,1959.75489436
56.00,5.01,1959.74390534
56.00,10.03,1959.75844772
56.00,15.04,1959.75129080
56.00,20.06,1960.09944371
56.00,25.07,1959.74377275
56.00,30.08,1959.38380503
56.00,35.10,1959.74374942
56.00,40.11,1960.09948857
56.00,45.13,1959.75128679
56.00,50.14,1959.75844916
56.00,55.15,1959.74390212
56.00,60.17,1959.75489335
56.00,65.18,1959.74390662
56.00,70.19,1959.75844422
56.00,75.21,1959.75129280
56.00,80.22,1960.09939694
56.00,85.24,1959.74379414
56.00,90.25,1959.38380309
56.00,95.26,1959.74372416
56.00,100.28,1960.09953153
56.00,105.29,1959.75128078
56.00,110.31,1959.75844853
56.00,115.32,1959.74389697
56.00,120.33,1959.75489030
56.00,125.35,1959.74390596
56.00,130.36,1959.75843866
56.00,135.38,1959.75129281
56.00,140.39,1959.73756111
56.00,145.40,1959.74381359
56.00,150.42,1959.38379921
56.00,155.43,1959.74369696
56.00,160.45,1960.09957258
56.00,165.46,1959.75127277
56.00,170.47,1959.75844585
56.00,175.49,1959.74388988
56.00,180.50,1959.75488522
56.00,185.52,1959.74390336
56.00,190.53,1959.75843104
56.00,195.54,1959.75129081
56.00,200.56,1959.73754527
56.00,205.57,1959.74383111
56.00,210.58,1959.38379338
56.00,215.60,1959.74366783
56.00,220.61,1960.09961173
56.00,225.63,1959.75126276
56.00,230.64,1959.75844110
56.00,235.65,1959.74388085
56.00,240.67,1959.75487812
56.00,245.68,1959.74389883
56.00,250.70,1959.75842135
56.00,255.71,1959.75128682
56.00,260.72,1959.73752753
56.00,265.74,1959.74384669
56.00,270.75,1959.74372631
56.00,275.77,1959.74363676
56.00,280.78,1960.09964897
56.00,285.79,1959.75125075
56.00,290.81,1959.75843430
56.00,295.82,1959.74386988
56.00,300.84,1959.75486898
56.00,305.85,1959.74389235
56.00,310.86,1959.75840961
56.00,315.88,1959.75128082
56.00,320.89,1960.10681990
56.00,325.91,1959.74386033
56.00,330.92,1959.74375141
56.00,335.93,1959.74360376
56.00,340.95,1960.09968431
56.00,345.96,1959.75123674
56.00,350.97,1959.75842543
56.00,355.99,1959.74385697
60.00,0.00,1874.47106672
60.00,5.01,1874.60230934
60.00,10.03,1874.23770712
60.00,15.04,1874.60931622
60.00,20.06,1874.24711162
60.00,25.07,1874.48564269
60.00,30.08,1874.72841245
60.00,35.10,1874.48566238
60.00,40.11,1874.24710726
60.00,45.13,1874.60929969
60.00,50.14,1874.23771143
60.00,55.15,1874.60230215
60.00,60.17,1874.47106599
60.00,65.18,1874.60231498
60.00,70.19,1874.47478050
60.00,75.21,1874.60933113
60.00,80.22,1874.24711439
60.00,85.24,1874.48562142
60.00,90.25,1874.72841083
60.00,95.26,1874.48568049
60.00,100.28,1874.24710129
60.00,105.29,1874.60928154
60.00,110.31,1874.23771422
60.00,115.32,1874.60229341
60.00,120.33,1874.47106380
60.00,125.35,1874.60231906
60.00,130.36,1874.47479536
60.00,135.38,1874.60934444
60.00,140.39,1874.24711555
60.00,145.40,1874.48559856
60.00,150.42,1874.35750895
60.00,155.43,1874.48569700
60.00,160.45,1874.24709372
60.00,165.46,1874.60926178
60.00,170.47,1874.23771549
60.00,175.49,1874.60228312
60.00,180.50,1874.47106016
60.00,185.52,1874.60232158
60.00,190.53,1874.47480874
60.00,195.54,1874.60935612
60.00,200.56,1874.24711511
60.00,205.57,1874.48557411
60.00,210.58,1874.35752383
60.00,215.60,1874.48571194
60.00,220.61,1874.24708455
60.00,225.63,1874.84344338
60.00,230.64,1874.23771524
60.00,235.65,1874.60227128
60.00,240.67,1874.47105505
60.00,245.68,1874.60232256
60.00,250.70,1874.47482062
60.00,255.71,1874.60936620
60.00,260.72,1874.48563902
60.00,265.74,1874.48554808
60.00,270.75,1874.71748488
60.00,275.77,1874.48572528
60.00,280.78,1874.60920468
60.00,285.79,1874.84343683
60.00,290.81,1874.23771347
60.00,295.82,1874.60225788
60.00,300.84,1874.47104849
60.00,305.85,1874.60232198
60.00,310.86,1874.47483102
60.00,315.88,1874.60937466
60.00,320.89,1874.48565899
60.00,325.91,1874.48552047
60.00,330.92,1874.71753308
60.00,335.93,1874.48573704
60.00,340.95,1874.60922852
60.00,345.96,1874.47474507
60.00,350.97,1874.60201601
60.00,355.99,1874.60224293
64.00,0.00,1815.72013952
64.00,5.01,1815.71964157
64.00,10.03,1815.72335625
64.00,15.04,1815.47492151
64.00,20.06,1815.47125226
64.00,25.07,1815.48525462
64.00,30.08,1815.24515538
64.00,35.10,1815.48524538
64.00,40.11,1815.47124113
64.00,45.13,1815.47492821
64.00,50.14,1815.72333592
64.00,55.15,1815.71967419
64.00,60.17,1815.72013897
64.00,65.18,1815.71960784
64.00,70.19,1815.72337544
64.00,75.21,1815.47491376
64.00,80.22,1815.47126236
64.00,85.24,1815.48526272
64.00,90.25,1815.24515423
64.00,95.26,1815.48523499
64.00,100.28,1815.47122898
64.00,105.29,1815.47493385
64.00,110.31,1815.72331445
64.00,115.32,1815.71970571
64.00,120.33,1815.72013731
64.00,125.35,1815.71957301
64.00,130.36,1815.72339351
64.00,135.38,1815.47490494
64.00,140.39,1815.47127144
64.00,145.40,1815.48526968
64.00,150.42,1815.24515193
64.00,155.43,1815.48522345
64.00,160.45,1815.47121579
64.00,165.46,1815.47493844
64.00,170.47,1815.72329185
64.00,175.49,1815.71973613
64.00,180.50,1815.72013454
64.00,185.52,1815.71953708
64.00,190.53,1815.72341044
64.00,195.54,1815.47489507
64.00,200.56,1815.47127948
64.00,205.57,1815.48527548
64.00,210.58,1815.24514848
64.00,215.60,1815.48521077
64.00,220.61,1815.47120158
64.00,225.63,1815.47494196
64.00,230.64,1815.72326812
64.00,235.65,1815.71976544
64.00,240.67,1815.72013067
64.00,245.68,1815.71950005
64.00,250.70,1815.72342623
64.00,255.71,1815.47488413
64.00,260.72,1815.47128650
64.00,265.74,1815.48528014
64.00,270.75,1815.48511313
64.00,275.77,1815.48519694
64.00,280.78,1815.47118635
64.00,285.79,1815.47494443
64.00,290.81,1815.72324325
64.00,295.82,1815.71979365
64.00,300.84,1815.72012568
64.00,305.85,1815.71946191
64.00,310.86,1815.72344089
64.00,315.88,1815.47487214
64.00,320.89,1815.47129249
64.00,325.91,1815.48528365
64.00,330.92,1815.48513254
64.00,335.93,1815.48518196
64.00,340.95,1815.23293813
64.00,345.96,1815.47494583
64.00,350.97,1815.72321725
64.00,355.99,1815.71982076
68.00,0.00,1757.94987304
68.00,5.01,1757.94188347
68.00,10.03,1757.94189516
68.00,15.04,1757.95360670
68.00,20.06,1758.18164137
68.00,25.07,1757.93354460
68.00,30.08,1757.69332364
68.00,35.10,1757.93354292
68.00,40.11,1758.18162169
68.00,45.13,1757.95361361
68.00,50.14,1757.94190917
68.00,55.15,1757.94186769
68.00,60.17,1757.94987251
68.00,65.18,1757.94189827
68.00,70.19,1757.94188015
68.00,75.21,1757.95359870
68.00,80.22,1758.18166006
68.00,85.24,1757.93354536
68.00,90.25,1757.69332272
68.00,95.26,1757.93354032
68.00,100.28,1758.18160102
68.00,105.29,1757.95361943
68.00,110.31,1757.94192219
68.00,115.32,1757.94185091
68.00,120.33,1757.94987092
68.00,125.35,1757.94191207
68.00,130.36,1757.94186415
68.00,135.38,1757.95358960
68.00,140.39,1758.18167775
68.00,145.40,1757.93354520
68.00,150.42,1757.69332087
68.00,155.43,1757.93353680
68.00,160.45,1758.18157935
68.00,165.46,1758.18742175
68.00,170.47,1757.94193422
68.00,175.49,1757.94183314
68.00,180.50,1757.94986827
68.00,185.52,1757.94192487
68.00,190.53,1757.94184715
68.00,195.54,1757.95357942
68.00,200.56,1758.18169445
68.00,205.57,1757.93354411
68.00,210.58,1757.69331810
68.00,215.60,1757.93353236
68.00,220.61,1758.18155669
68.00,225.63,1758.18744286
68.00,230.64,1757.94194526
68.00,235.65,1757.94181437
68.00,240.67,1757.94986456
68.00,245.68,1757.94193669
68.00,250.70,1757.94182917
68.00,255.71,1757.95356814
68.00,260.72,1758.18171016
68.00,265.74,1757.93354210
68.00,270.75,1757.93328723
68.00,275.77,1757.93352700
68.00,280.78,1758.18153303
68.00,285.79,1758.18746293
68.00,290.81,1757.94195530
68.00,295.82,1757.94179462
68.00,300.84,1757.94985978
68.00,305.85,1757.94194751
68.00,310.86,1757.94181019
68.00,315.88,1757.95355577
68.00,320.89,1758.18172487
68.00,325.91,1757.93353917
68.00,330.92,1757.93330857
68.00,335.93,1757.93352071
68.00,340.95,1758.18150839
68.00,345.96,1757.94126138
68.00,350.97,1757.94196435
68.00,355.99,1757.94177387
72.00,0.00,1625.72271971
72.00,5.01,1625.75983151
72.00,10.03,1625.76064541
72.00,15.04,1625.74134402
72.00,20.06,1625.74218346
72.00,25.07,1625.74031099
72.00,30.08,1624.91435985
72.00,35.10,1625.74041700
72.00,40.11,1625.74219920
72.00,45.13,1625.74126935
72.00,50.14,1625.76066425
72.00,55.15,1625.75975527
72.00,60.17,1625.72271829
72.00,65.18,1625.75990458
72.00,70.19,1625.76062339
72.00,75.21,1625.74141569
72.00,80.22,1625.74216471
72.00,85.24,1625.74020198
72.00,90.25,1624.91435637
72.00,95.26,1625.74052001
72.00,100.28,1625.74221191
72.00,105.29,1625.74119167
72.00,110.31,1625.76067992
72.00,115.32,1625.75967587
72.00,120.33,1625.72271401
72.00,125.35,1625.75997449
72.00,130.36,1625.76059821
72.00,135.38,1625.74148434
72.00,140.39,1625.74214295
72.00,145.40,1625.74008997
72.00,150.42,1624.91434941
72.00,155.43,1625.74062002
72.00,160.45,1625.74222162
72.00,165.46,1625.74111098
72.00,170.47,1625.76069243
72.00,175.49,1625.75959331
72.00,180.50,1625.72270689
72.00,185.52,1625.76004123
72.00,190.53,1625.76056985
72.00,195.54,1625.74154999
72.00,200.56,1625.74211817
72.00,205.57,1625.73997496
72.00,210.58,1624.91433898
72.00,215.60,1625.74071703
72.00,220.61,1625.74222830
72.00,225.63,1625.74102729
72.00,230.64,1625.76070176
72.00,235.65,1624.86070440
72.00,240.67,1625.72269691
72.00,245.68,1625.76010481
72.00,250.70,1625.76053832
72.00,255.71,1625.74161262
72.00,260.72,1625.74209038
72.00,265.74,1625.73985696
72.00,270.75,1625.79423647
72.00,275.77,1625.74081103
72.00,280.78,1625.74223197
72.00,285.79,1625.74094059
72.00,290.81,1625.76070791
72.00,295.82,1625.72182942
72.00,300.84,1625.72268409
72.00,305.85,1625.76016522
72.00,310.86,1625.76050363
72.00,315.88,1625.74167225
72.00,320.89,1625.74205957
72.00,325.91,1625.73973597
72.00,330.92,1626.64611947
72.00,335.93,1625.74090203
72.00,340.95,1625.74223263
72.00,345.96,1624.87046632
72.00,350.97,1625.76071090
72.00,355.99,1625.72189919
76.00,0.00,1414.46302979
76.00,5.01,1414.46198454
76.00,10.03,1414.43554785
76.00,15.04,1414.43605778
76.00,20.06,1414.48704739
76.00,25.07,1414.48743793
76.00,30.08,1413.60612806
76.00,35.10,1414.48746164
76.00,40.11,1414.48699513
76.00,45.13,1414.43607118
76.00,50.14,1414.43549838
76.00,55.15,1414.46205302
76.00,60.17,1414.46302862
76.00,65.18,1414.46191374
76.00,70.19,1414.43559523
76.00,75.21,1414.43604228
76.00,80.22,1414.48709712
76.00,85.24,1414.48741168
76.00,90.25,1413.60612552
76.00,95.26,1414.48748282
76.00,100.28,1414.48694035
76.00,105.29,1414.43608248
76.00,110.31,1414.43544682
76.00,115.32,1414.46211918
76.00,120.33,1414.46302514
76.00,125.35,1414.46184063
76.00,130.36,1414.43564051
76.00,135.38,1414.43602468
76.00,140.39,1414.48714433
76.00,145.40,1414.48738291
76.00,150.42,1413.60612043
76.00,155.43,1414.48750146
76.00,160.45,1414.48688303
76.00,165.46,1414.43609169
76.00,170.47,1414.43539316
76.00,175.49,1414.46218303
76.00,180.50,1414.46301933
76.00,185.52,1414.46176521
76.00,190.53,1414.43568370
76.00,195.54,1414.43600499
76.00,200.56,1414.48718900
76.00,205.57,1414.48735160
76.00,210.58,1413.60611281
76.00,215.60,1414.48751757
76.00,220.61,1414.48682318
76.00,225.63,1414.43609880
76.00,230.64,1414.43533742
76.00,235.65,1414.46224456
76.00,240.67,1414.46301119
76.00,245.68,1414.46168747
76.00,250.70,1414.43572480
76.00,255.71,1414.43598321
76.00,260.72,1414.48723114
76.00,265.74,1414.48731776
76.00,270.75,1414.48602293
76.00,275.77,1414.48753115
76.00,280.78,1414.48676081
76.00,285.79,1414.43610382
76.00,290.81,1413.56774054
76.00,295.82,1414.46230378
76.00,300.84,1414.46300073
76.00,305.85,1414.46160741
76.00,310.86,1414.43576381
76.00,315.88,1415.34071169
76.00,320.89,1414.48727075
76.00,325.91,1414.48728139
76.00,330.92,1414.48610984
76.00,335.93,1414.48754220
76.00,340.95,1414.48669592
76.00,345.96,1414.43610674
76.00,350.97,1413.56777075
76.00,355.99,1414.46236067
80.00,0.00,1202.98400045
80.00,5.01,1201.96735723
80.00,10.03,1201.05737673
80.00,15.04,1201.06105726
80.00,20.06,1201.06281795
80.00,25.07,1201.06264673
80.00,30.08,1200.18112387
80.00,35.10,1201.06268358
80.00,40.11,1201.06279036
80.00,45.13,1201.06096540
80.00,50.14,1201.05722125
80.00,55.15,1201.96714873
80.00,60.17,1201.06308370
80.00,65.18,1201.96756334
80.00,70.19,1201.05753011
80.00,75.21,1201.06114699
80.00,80.22,1201.06284340
80.00,85.24,1201.06260773
80.00,90.25,1200.18112171
80.00,95.26,1201.06271828
80.00,100.28,1201.06276062
80.00,105.29,1201.06087141
80.00,110.31,1201.05706366
80.00,115.32,1201.96693786
80.00,120.33,1201.06326687
80.00,125.35,1201.96776706
80.00,130.36,1201.05768138
80.00,135.38,1201.06123458
80.00,140.39,1201.06286670
80.00,145.40,1201.06256659
80.00,150.42,1200.18111740
80.00,155.43,1201.06275084
80.00,160.45,1201.06272873
80.00,165.46,1201.06077528
80.00,170.47,1201.97208130
80.00,175.49,1201.96672461
80.00,180.50,1201.96089774
80.00,185.52,1201.96796840
80.00,190.53,1201.05783054
80.00,195.54,1201.06132003
80.00,200.56,1201.06288784
80.00,205.57,1201.06252331
80.00,210.58,1201.06093685
80.00,215.60,1201.06278125
80.00,220.61,1201.06269470
80.00,225.63,1201.06067702
80.00,230.64,1201.97193763
80.00,235.65,1201.96650898
80.00,240.67,1201.96116752
80.00,245.68,1201.96816736
80.00,250.70,1201.05797760
80.00,255.71,1201.06140335
80.00,260.72,1201.06290685
80.00,265.74,1201.06247788
80.00,270.75,1201.06102933
80.00,275.77,1201.06280952
80.00,280.78,1201.06265851
80.00,285.79,1201.06057663
80.00,290.81,1201.97179154
80.00,295.82,1201.96629098
80.00,300.84,1201.96143497
80.00,305.85,1201.96836393
80.00,310.86,1201.05812254
80.00,315.88,1201.06148453
80.00,320.89,1201.06292370
80.00,325.91,1201.06243030
80.00,330.92,1201.06111967
80.00,335.93,1201.06283563
80.00,340.95,1201.06262019
80.00,345.96,1201.06047411
80.00,350.97,1201.97164303
80.00,355.99,1201.96607060
84.00,0.00,736.00549477
84.00,5.01,736.00429967
84.00,10.03,736.00072357
84.00,15.04,735.99479412
84.00,20.06,735.98655708
84.00,25.07,735.97607600
84.00,30.08,734.13992181
84.00,35.10,735.97646072
84.00,40.11,735.98686820
84.00,45.13,735.99502925
84.00,50.14,736.00088089
84.00,55.15,736.00437796
84.00,60.17,736.00549345
84.00,65.18,736.00421872
84.00,70.19,736.00056364
84.00,75.21,735.99455642
84.00,80.22,735.98624346
84.00,85.24,735.97568888
84.00,90.25,734.13991830
84.00,95.26,735.97684303
84.00,100.28,735.98717683
84.00,105.29,735.99526181
84.00,110.31,736.00103560
84.00,115.32,736.00445362
84.00,120.33,736.00548946
84.00,125.35,736.00413513
84.00,130.36,736.00040108
84.00,135.38,735.99431616
84.00,140.39,735.98592735
84.00,145.40,735.97529936
84.00,150.42,734.13991129
84.00,155.43,735.97722292
84.00,160.45,735.98748295
84.00,165.46,735.99549180
84.00,170.47,736.00118768
84.00,175.49,736.00452662
84.00,180.50,736.00548282
84.00,185.52,736.00404889
84.00,190.53,736.00023592
84.00,195.54,735.99407334
84.00,200.56,735.98560875
84.00,205.57,738.00042680
84.00,210.58,736.09952078
84.00,215.60,735.97760040
84.00,220.61,735.98778657
84.00,225.63,735.99571922
84.00,230.64,736.00133715
84.00,235.65,736.00459697
84.00,240.67,736.00547351
84.00,245.68,736.00396000
84.00,250.70,736.00006814
84.00,255.71,735.99382797
84.00,260.72,735.98528767
84.00,265.74,738.00017066
84.00,270.75,736.09973414
84.00,275.77,735.97797547
84.00,280.78,735.98808769
84.00,285.79,735.99594407
84.00,290.81,736.00148399
84.00,295.82,736.00466467
84.00,300.84,736.00546156
84.00,305.85,736.00386848
84.00,310.86,735.99989775
84.00,315.88,735.99358003
84.00,320.89,735.98496410
84.00,325.91,737.99991156
84.00,330.92,736.09994404
84.00,335.93,735.97834811
84.00,340.95,735.98838629
84.00,345.96,735.99616634
84.00,350.97,736.00162821
84.00,355.99,736.00472973
88.00,0.00,265.31597507
88.00,5.01,265.31537659
88.00,10.03,265.31358565
88.00,15.04,265.31061572
88.00,20.06,265.30648916
88.00,25.07,265.30123707
88.00,30.08,263.33618861
88.00,35.10,265.30142988
88.00,40.11,265.30664504
88.00,45.13,265.31073350
88.00,50.14,265.31366444
88.00,55.15,265.31541580
88.00,60.17,265.31597441
88.00,65.18,265.31533605
88.00,70.19,265.31350555
88.00,75.21,265.31049665
88.00,80.22,265.30633203
88.00,85.24,265.30104305
88.00,90.25,263.33618740
88.00,95.26,265.30162148
88.00,100.28,265.30679967
88.00,105.29,265.31084999
88.00,110.31,265.31374192
88.00,115.32,265.31545369
88.00,120.33,265.31597241
88.00,125.35,265.31529419
88.00,130.36,265.31342413
88.00,135.38,265.31037630
88.00,140.39,265.30617365
88.00,145.40,265.30084783
88.00,150.42,263.33618497
88.00,155.43,265.30181186
88.00,160.45,265.30695305
88.00,165.46,265.31096520
88.00,170.47,265.31381809
88.00,175.49,265.31549024
88.00,180.50,265.31596908
88.00,185.52,265.31525100
88.00,190.53,265.31334141
88.00,195.54,265.31025467
88.00,200.56,265.30601401
88.00,205.57,265.30065141
88.00,210.58,265.29580524
88.00,215.60,265.30200104
88.00,220.61,265.30710517
88.00,225.63,265.31107912
88.00,230.64,265.31389295
88.00,235.65,265.31552548
88.00,240.67,265.31596443
88.00,245.68,265.31520649
88.00,250.70,265.31325738
88.00,255.71,265.31013175
88.00,260.72,265.30585313
88.00,265.74,265.30045378
88.00,270.75,265.29602888
88.00,275.77,265.30218900
88.00,280.78,265.30725603
88.00,285.79,265.31119174
88.00,290.81,265.31396649
88.00,295.82,265.31555938
88.00,300.84,265.31595844
88.00,305.85,265.31516066
88.00,310.86,265.31317204
88.00,315.88,265.31000755
88.00,320.89,265.30569101
88.00,325.91,265.30025495
88.00,330.92,265.29625136
88.00,335.93,265.30237575
88.00,340.95,265.30740564
88.00,345.96,265.31130308
88.00,350.97,265.31403872
88.00,355.99,265.31559196
92.00,0.00,19.32257877
92.00,5.01,19.32259098
92.00,10.03,19.32262753
92.00,15.04,19.32268814
92.00,20.06,19.32277235
92.00,25.07,19.32287953
92.00,30.08,19.36298256
92.00,35.10,19.32287560
92.00,40.11,19.32276917
92.00,45.13,19.32268573
92.00,50.14,19.32262592
92.00,55.15,19.32259018
92.00,60.17,19.32257878
92.00,65.18,19.32259181
92.00,70.19,19.32262916
92.00,75.21,19.32269057
92.00,80.22,19.32277556
92.00,85.24,19.32288349
92.00,90.25,19.36298259
92.00,95.26,19.32287169
92.00,100.28,19.32276601
92.00,105.29,19.32268336
92.00,110.31,19.32262434
92.00,115.32,19.32258941
92.00,120.33,19.32257882
92.00,125.35,19.32259266
92.00,130.36,19.32263082
92.00,135.38,19.32269302
92.00,140.39,19.32277879
92.00,145.40,19.32288748
92.00,150.42,19.36298264
92.00,155.43,19.32286780
92.00,160.45,19.32276288
92.00,165.46,19.32268100
92.00,170.47,19.32262278
92.00,175.49,19.32258866
92.00,180.50,19.32257889
92.00,185.52,19.32259354
92.00,190.53,19.32263251
92.00,195.54,19.32269550
92.00,200.56,19.32278205
92.00,205.57,19.32289149
92.00,210.58,19.32299039
92.00,215.60,19.32286394
92.00,220.61,19.32275978
92.00,225.63,19.32267868
92.00,230.64,19.32262126
92.00,235.65,19.32258794
92.00,240.67,19.32257898
92.00,245.68,19.32259445
92.00,250.70,19.32263423
92.00,255.71,19.32269801
92.00,260.72,19.32278533
92.00,265.74,19.32289552
92.00,270.75,19.32298582
92.00,275.77,19.32286011
92.00,280.78,19.32275670
92.00,285.79,19.32267638
92.00,290.81,19.32261976
92.00,295.82,19.32258725
92.00,300.84,19.32257911
92.00,305.85,19.32259539
92.00,310.86,19.32263597
92.00,315.88,19.32270055
92.00,320.89,19.32278864
92.00,325.91,19.32289958
92.00,330.92,19.32298128
92.00,335.93,19.32285630
92.00,340.95,19.32275365
92.00,345.96,19.32267411
92.00,350.97,19.32261828
92.00,355.99,19.32258659
96.00,0.00,9.71645386
96.00,5.01,9.71647825
96.00,10.03,9.71655123
96.00,15.04,9.71667224
96.00,20.06,9.71684034
96.00,25.07,9.71705423
96.00,30.08,9.75452677
96.00,35.10,9.71704638
96.00,40.11,9.71683399
96.00,45.13,9.71666744
96.00,50.14,9.71654802
96.00,55.15,9.71647665
96.00,60.17,9.71645389
96.00,65.18,9.71647990
96.00,70.19,9.71655449
96.00,75.21,9.71667709
96.00,80.22,9.71684674
96.00,85.24,9.71706214
96.00,90.25,9.75452684
96.00,95.26,9.71703858
96.00,100.28,9.71682769
96.00,105.29,9.71666269
96.00,110.31,9.71654486
96.00,115.32,9.71647511
96.00,120.33,9.71645397
96.00,125.35,9.71648161
96.00,130.36,9.71655781
96.00,135.38,9.71668199
96.00,140.39,9.71685319
96.00,145.40,9.71707008
96.00,150.42,9.75452698
96.00,155.43,9.71703083
96.00,160.45,9.71682144
96.00,165.46,9.71665800
96.00,170.47,9.71654176
96.00,175.49,9.71647362
96.00,180.50,9.71645410
96.00,185.52,9.71648337
96.00,190.53,9.71656118
96.00,195.54,9.71668695
96.00,200.56,9.71685969
96.00,205.57,9.67574095
96.00,210.58,9.71453495
96.00,215.60,9.71702312
96.00,220.61,9.71681525
96.00,225.63,9.71665336
96.00,230.64,9.71653871
96.00,235.65,9.71647218
96.00,240.67,9.71645429
96.00,245.68,9.71648518
96.00,250.70,9.71656461
96.00,255.71,9.71669195
96.00,260.72,9.71686624
96.00,265.74,9.67574618
96.00,270.75,9.71453060
96.00,275.77,9.71701547
96.00,280.78,9.71680910
96.00,285.79,9.71664877
96.00,290.81,9.71653571
96.00,295.82,9.71647080
96.00,300.84,9.71645454
96.00,305.85,9.71648705
96.00,310.86,9.71656808
96.00,315.88,9.71669701
96.00,320.89,9.71687285
96.00,325.91,9.67575147
96.00,330.92,9.71452632
96.00,335.93,9.71700787
96.00,340.95,9.71680301
96.00,345.96,9.71664423
96.00,350.97,9.71653277
96.00,355.99,9.71646947
100.00,0.00,0.15535033
100.00,5.01,0.19446328
100.00,10.03,0.19441229
100.00,15.04,0.19440383
100.00,20.06,0.19443790
100.00,25.07,0.19451417
100.00,30.08,0.23460576
100.00,35.10,0.19451095
100.00,40.11,0.19443608
100.00,45.13,0.19440343
100.00,50.14,0.19441331
100.00,55.15,0.19446570
100.00,60.17,0.19455271
100.00,65.18,0.19446089
100.00,70.19,0.19441132
100.00,75.21,0.19440428
100.00,80.22,0.19443976
100.00,85.24,0.19451743
100.00,90.25,0.23460581
100.00,95.26,0.19450778
100.00,100.28,0.19443431
100.00,105.29,0.19440307
100.00,110.31,0.19441437
100.00,115.32,0.19446818
100.00,120.33,0.19454897
100.00,125.35,0.19445856
100.00,130.36,0.19441040
100.00,135.38,0.19440478
100.00,140.39,0.19444167
100.00,145.40,0.19452074
100.00,150.42,0.23460590
100.00,155.43,0.19450466
100.00,160.45,0.19443258
100.00,165.46,0.19440276
100.00,170.47,0.19441548
100.00,175.49,0.19447070
100.00,180.50,0.19454528
100.00,185.52,0.19445627
100.00,190.53,0.19440953
100.00,195.54,0.19440533
100.00,200.56,0.19444363
100.00,205.57,0.19452410
100.00,210.58,0.19461396
100.00,215.60,0.19450158
100.00,220.61,0.19443091
100.00,225.63,0.19440250
100.00,230.64,0.19441663
100.00,235.65,0.19447327
100.00,240.67,0.19454164
100.00,245.68,0.19445403
100.00,250.70,0.19440870
100.00,255.71,0.19440592
100.00,260.72,0.19444564
100.00,265.74,0.19452750
100.00,270.75,0.19460955
100.00,275.77,0.19449855
100.00,280.78,0.19442928
100.00,285.79,0.19440229
100.00,290.81,0.19441784
100.00,295.82,0.19447589
100.00,300.84,0.19453804
100.00,305.85,0.19445183
100.00,310.86,0.19440792
100.00,315.88,0.19440656
100.00,320.89,0.19444769
100.00,325.91,0.19453095
100.00,330.92,0.19460518
100.00,335.93,0.19449556
100.00,340.95,0.19442769
100.00,345.96,0.19440212
100.00,350.97,0.19441909
100.00,355.99,0.19447856
104.00,0.00,0.00000000
104.00,5.01,0.00000000
104.00,10.03,0.00000000
104.00,15.04,0.00000000
104.00,20.06,0.00000000
104.00,25.07,0.00000000
104.00,30.08,0.00000000
104.00,35.10,0.00000000
104.00,40.11,0.00000000
104.00,45.13,0.00000000
104.00,50.14,0.00000000
104.00,55.15,0.00000000
104.00,60.17,0.00000000
104.00,65.18,0.00000000
104.00,70.19,0.00000000
104.00,75.21,0.00000000
104.00,80.22,0.00000000
104.00,85.24,0.00000000
104.00,90.25,0.00000000
104.00,95.26,0.00000000
104.00,100.28,0.00000000
104.00,105.29,0.00000000
104.00,110.31,0.00000000
104.00,115.32,0.00000000
104.00,120.33,0.00000000
104.00,125.35,0.00000000
104.00,130.36,0.00000000
104.00,135.38,0.00000000
104.00,140.39,0.00000000
104.00,145.40,0.00000000
104.00,150.42,0.00000000
104.00,155.43,0.00000000
104.00,160.45,0.00000000
104.00,165.46,0.00000000
104.00,170.47,0.00000000
104.00,175.49,0.00000000
104.00,180.50,0.00000000
104.00,185.52,0.00000000
104.00,190.53,0.00000000
104.00,195.54,0.00000000
104.00,200.56,0.00000000
104.00,205.57,0.00000000
104.00,210.58,0.00000000
104.00,215.60,0.00000000
104.00,220.61,0.00000000
104.00,225.63,0.00000000
104.00,230.64,0.00000000
104.00,235.65,0.00000000
104.00,240.67,0.00000000
104.00,245.68,0.00000000
104.00,250.70,0.00000000
104.00,255.71,0.00000000
104.00,260.72,0.00000000
104.00,265.74,0.00000000
104.00,270.75,0.00000000
104.00,275.77,0.00000000
104.00,280.78,0.00000000
104.00,285.79,0.00000000
104.00,290.81,0.00000000
104.00,295.82,0.00000000
104.00,300.84,0.00000000
104.00,305.85,0.00000000
104.00,310.86,0.00000000
104.00,315.88,0.00000000
104.00,320.89,0.00000000
104.00,325.91,0.00000000
104.00,330.92,0.00000000
104.00,335.93,0.00000000
104.00,340.95,0.00000000
104.00,345.96,0.00000000
104.00,350.97,0.00000000
104.00,355.99,0.00000000
108.00,0.00,0.00000000
108.00,5.01,0.00000000
108.00,10.03,0.00000000
108.00,15.04,0.00000000
108.00,20.06,0.00000000
108.00,25.07,0.00000000
108.00,30.08,0.00000000
108.00,35.10,0.00000000
108.00,40.11,0.00000000
108.00,45.13,0.00000000
108.00,50.14,0.00000000
108.00,55.15,0.00000000
108.00,60.17,0.00000000
108.00,65.18,0.00000000
108.00,70.19,0.00000000
108.00,75.21,0.00000000
108.00,80.22,0.00000000
108.00,85.24,0.00000000
108.00,90.25,0.00000000
108.00,95.26,0.00000000
108.00,100.28,0.00000000
108.00,105.29,0.00000000
108.00,110.31,0.00000000
108.00,115.32,0.00000000
108.00,120.33,0.00000000
108.00,125.35,0.00000000
108.00,130.36,0.00000000
108.00,135.38,0.00000000
108.00,140.39,0.00000000
108.00,145.40,0.00000000
108.00,150.42,0.00000000
108.00,155.43,0.00000000
108.00,160.45,0.00000000
108.00,165.46,0.00000000
108.00,170.47,0.00000000
108.00,175.49,0.00000000
108.00,180.50,0.00000000
108.00,185.52,0.00000000
108.00,190.53,0.00000000
108.00,195.54,0.00000000
108.00,200.56,0.00000000
108.00,205.57,0.00000000
108.00,210.58,0.00000000
108.00,215.60,0.00000000
108.00,220.61,0.00000000
108.00,225.63,0.00000000
108.00,230.64,0.00000000
108.00,235.65,0.00000000
108.00,240.67,0.00000000
108.00,245.68,0.00000000
108.00,250.70,0.00000000
108.00,255.71,0.00000000
108.00,260.72,0.00000000
108.00,265.74,0.00000000
108.00,270.75,0.00000000
108.00,275.77,0.00000000
108.00,280.78,0.00000000
108.00,285.79,0.00000000
108.00,290.81,0.00000000
108.00,295.82,0.00000000
108.00,300.84,0.00000000
108.00,305.85,0.00000000
108.00,310.86,0.00000000
108.00,315.88,0.00000000
108.00,320.89,0.00000000
108.00,325.91,0.00000000
108.00,330.92,0.00000000
108.00,335.93,0.00000000
108.00,340.95,0.00000000
108.00,345.96,0.00000000
108.00,350.97,0.00000000
108.00,355.99,0.00000000
112.00,0.00,0.00000000
112.00,5.01,0.00000000
112.00,10.03,0.00000000
112.00,15.04,0.00000000
112.00,20.06,0.00000000
112.00,25.07,0.00000000
112.00,30.08,0.00000000
112.00,35.10,0.00000000
112.00,40.11,0.00000000
112.00,45.13,0.00000000
112.00,50.14,0.00000000
112.00,55.15,0.00000000
112.00,60.17,0.00000000
112.00,65.18,0.00000000
112.00,70.19,0.00000000
112.00,75.21,0.00000000
112.00,80.22,0.00000000
112.00,85.24,0.00000000
112.00,90.25,0.00000000
112.00,95.26,0.00000000
112.00,100.28,0.00000000
112.00,105.29,0.00000000
112.00,110.31,0.00000000
112.00,115.32,0.00000000
112.00,120.33,0.00000000
112.00,125.35,0.00000000
112.00,130.36,0.00000000
112.00,135.38,0.00000000
112.00,140.39,0.00000000
112.00,145.40,0.00000000
112.00,150.42,0.00000000
112.00,155.43,0.00000000
112.00,160.45,0.00000000
112.00,165.46,0.00000000
112.00,170.47,0.00000000
112.00,175.49,0.00000000
112.00,180.50,0.00000000
112.00,185.52,0.00000000
112.00,190.53,0.00000000
112.00,195.54,0.00000000
112.00,200.56,0.00000000
112.00,205.57,0.00000000
112.00,210.58,0.00000000
112.00,215.60,0.00000000
112.00,220.61,0.00000000
112.00,225.63,0.00000000
112.00,230.64,0.00000000
112.00,235.65,0.00000000
112.00,240.67,0.00000000
112.00,245.68,0.00000000
112.00,250.70,0.00000000
112.00,255.71,0.00000000
112.00,260.72,0.00000000
112.00,265.74,0.00000000
112.00,270.75,0.00000000
112.00,275.77,0.00000000
112.00,280.78,0.00000000
112.00,285.79,0.00000000
112.00,290.81,0.00000000
112.00,295.82,0.00000000
112.00,300.84,0.00000000
112.00,305.85,0.00000000
112.00,310.86,0.00000000
112.00,315.88,0.00000000
112.00,320.89,0.00000000
112.00,325.91,0.00000000
112.00,330.92,0.00000000
112.00,335.93,0.00000000
112.00,340.95,0.00000000
112.00,345.96,0.00000000
112.00,350.97,0.00000000
112.00,355.99,0.00000000
116.00,0.00,0.00000000
116.00,5.01,0.00000000
116.00,10.03,0.00000000
116.00,15.04,0.00000000
116.00,20.06,0.00000000
116.00,25.07,0.00000000
116.00,30.08,0.00000000
116.00,35.10,0.00000000
116.00,40.11,0.00000000
116.00,45.13,0.00000000
116.00,50.14,0.00000000
116.00,55.15,0.00000000
116.00,60.17,0.00000000
116.00,65.18,0.00000000
116.00,70.19,0.00000000
116.00,75.21,0.00000000
116.00,80.22,0.00000000
116.00,85.24,0.00000000
116.00,90.25,0.00000000
116.00,95.26,0.00000000
116.00,100.28,0.00000000
116.00,105.29,0.00000000
116.00,110.31,0.00000000
116.00,115.32,0.00000000
116.00,120.33,0.00000000
116.00,125.35,0.00000000
116.00,130.36,0.00000000
116.00,135.38,0.00000000
116.00,140.39,0.00000000
116.00,145.40,0.00000000
116.00,150.42,0.00000000
116.00,155.43,0.00000000
116.00,160.45,0.00000000
116.00,165.46,0.00000000
116.00,170.47,0.00000000
116.00,175.49,0.00000000
116.00,180.50,0.00000000
116.00,185.52,0.00000000
116.00,190.53,0.00000000
116.00,195.54,0.00000000
116.00,200.56,0.00000000
116.00,205.57,0.00000000
116.00,210.58,0.00000000
116.00,215.60,0.00000000
116.00,220.61,0.00000000
116.00,225.63,0.00000000
116.00,230.64,0.00000000
116.00,235.65,0.00000000
116.00,240.67,0.00000000
116.00,245.68,0.00000000
116.00,250.70,0.00000000
116.00,255.71,0.00000000
116.00,260.72,0.00000000
116.00,265.74,0.00000000
116.00,270.75,0.00000000
116.00,275.77,0.00000000
116.00,280.78,0.00000000
116.00,285.79,0.00000000
116.00,290.81,0.00000000
116.00,295.82,0.00000000
116.00,300.84,0.00000000
116.00,305.85,0.00000000
116.00,310.86,0.00000000
116.00,315.88,0.00000000
116.00,320.89,0.00000000
116.00,325.91,0.00000000
116.00,330.92,0.00000000
116.00,335.93,0.00000000
116.00,340.95,0.00000000
116.00,345.96,0.00000000
116.00,350.97,0.00000000
116.00,355.99,0.00000000
120.00,0.00,0.00000000
120.00,5.01,0.00000000
120.00,10.03,0.00000000
120.00,15.04,0.00000000
120.00,20.06,0.00000000
120.00,25.07,0.00000000
120.00,30.08,0.00000000
120.00,35.10,0.00000000
120.00,40.11,0.00000000
120.00,45.13,0.00000000
120.00,50.14,0.00000000
120.00,55.15,0.00000000
120.00,60.17,0.00000000
120.00,65.18,0.00000000
120.00,70.19,0.00000000
120.00,75.21,0.00000000
120.00,80.22,0.00000000
120.00,85.24,0.00000000
120.00,90.25,0.00000000
120.00,95.26,0.00000000
120.00,100.28,0.00000000
120.00,105.29,0.00000000
120.00,110.31,0.00000000
120.00,115.32,0.00000000
120.00,120.33,0.00000000
120.00,125.35,0.00000000
120.00,130.36,0.00000000
120.00,135.38,0.00000000
120.00,140.39,0.00000000
120.00,145.40,0.00000000
120.00,150.42,0.00000000
120.00,155.43,0.00000000
120.00,160.45,0.00000000
120.00,165.46,0.00000000
120.00,170.47,0.00000000
120.00,175.49,0.00000000
120.00,180.50,0.00000000
120.00,185.52,0.00000000
120.00,190.53,0.00000000
120.00,195.54,0.00000000
120.00,200.56,0.00000000
120.00,205.57,0.00000000
120.00,210.58,0.00000000
120.00,215.60,0.00000000
120.00,220.61,0.00000000
120.00,225.63,0.00000000
120.00,230.64,0.00000000
120.00,235.65,0.00000000
120.00,240.67,0.00000000
120.00,245.68,0.00000000
120.00,250.70,0.00000000
120.00,255.71,0.00000000
120.00,260.72,0.00000000
120.00,265.74,0.00000000
120.00,270.75,0.00000000
120.00,275.77,0.00000000
120.00,280.78,0.00000000
120.00,285.79,0.00000000
120.00,290.81,0.00000000
120.00,295.82,0.00000000
120.00,300.84,0.00000000
120.00,305.85,0.00000000
120.00,310.86,0.00000000
120.00,315.88,0.00000000
120.00,320.89,0.00000000
120.00,325.91,0.00000000
120.00,330.92,0.00000000
120.00,335.93,0.00000000
120.00,340.95,0.00000000
120.00,345.96,0.00000000
120.00,350.97,0.00000000
120.00,355.99,0.00000000
124.00,0.00,0.00000000
124.00,5.01,0.00000000
124.00,10.03,0.00000000
124.00,15.04,0.00000000
124.00,20.06,0.00000000
124.00,25.07,0.00000000
124.00,30.08,0.00000000
124.00,35.10,0.00000000
124.00,40.11,0.00000000
124.00,45.13,0.00000000
124.00,50.14,0.00000000
124.00,55.15,0.00000000
124.00,60.17,0.00000000
124.00,65.18,0.00000000
124.00,70.19,0.00000000
124.00,75.21,0.00000000
124.00,80.22,0.00000000
124.00,85.24,0.00000000
124.00,90.25,0.00000000
124.00,95.26,0.00000000
124.00,100.28,0.00000000
124.00,105.29,0.00000000
124.00,110.31,0.00000000
124.00,115.32,0.00000000
124.00,120.33,0.00000000
124.00,125.35,0.00000000
124.00,130.36,0.00000000
124.00,135.38,0.00000000
124.00,140.39,0.00000000
124.00,145.40,0.00000000
124.00,150.42,0.00000000
124.00,155.43,0.00000000
124.00,160.45,0.00000000
124.00,165.46,0.00000000
124.00,170.47,0.00000000
124.00,175.49,0.00000000
124.00,180.50,0.00000000
124.00,185.52,0.00000000
124.00,190.53,0.00000000
124.00,195.54,0.00000000
124.00,200.56,0.00000000
124.00,205.57,0.00000000
124.00,210.58,0.00000000
124.00,215.60,0.00000000
124.00,220.61,0.00000000
124.00,225.63,0.00000000
124.00,230.64,0.00000000
124.00,235.65,0.00000000
124.00,240.67,0.00000000
124.00,245.68,0.00000000
124.00,250.70,0.00000000
124.00,255.71,0.00000000
124.00,260.72,0.00000000
124.00,265.74,0.00000000
124.00,270.75,0.00000000
124.00,275.77,0.00000000
124.00,280.78,0.00000000
124.00,285.79,0.00000000
124.00,290.81,0.00000000
124.00,295.82,0.00000000
124.00,300.84,0.00000000
124.00,305.85,0.00000000
124.00,310.86,0.00000000
124.00,315.88,0.00000000
124.00,320.89,0.00000000
124.00,325.91,0.00000000
124.00,330.92,0.00000000
124.00,335.93,0.00000000
124.00,340.95,0.00000000
124.00,345.96,0.00000000
124.00,350.97,0.00000000
124.00,355.99,0.00000000
128.00,0.00,0.00000000
128.00,5.01,0.00000000
128.00,10.03,0.00000000
128.00,15.04,0.00000000
128.00,20.06,0.00000000
128.00,25.07,0.00000000
128.00,30.08,0.00000000
128.00,35.10,0.00000000
128.00,40.11,0.00000000
128.00,45.13,0.00000000
128.00,50.14,0.00000000
128.00,55.15,0.00000000
128.00,60.17,0.00000000
128.00,65.18,0.00000000
128.00,70.19,0.00000000
128.00,75.21,0.00000000
128.00,80.22,0.00000000
128.00,85.24,0.00000000
128.00,90.25,0.00000000
128.00,95.26,0.00000000
128.00,100.28,0.00000000
128.00,105.29,0.00000000
128.00,110.31,0.00000000
128.00,115.32,0.00000000
128.00,120.33,0.00000000
128.00,125.35,0.00000000
128.00,130.36,0.00000000
128.00,135.38,0.00000000
128.00,140.39,0.00000000
128.00,145.40,0.00000000
128.00,150.42,0.00000000
128.00,155.43,0.00000000
128.00,160.45,0.00000000
128.00,165.46,0.00000000
128.00,170.47,0.00000000
128.00,175.49,0.00000000
128.00,180.50,0.00000000
128.00,185.52,0.00000000
128.00,190.53,0.00000000
128.00,195.54,0.00000000
128.00,200.56,0.00000000
128.00,205.57,0.00000000
128.00,210.58,0.00000000
128.00,215.60,0.00000000
128.00,220.61,0.00000000
128.00,225.63,0.00000000
128.00,230.64,0.00000000
128.00,235.65,0.00000000
128.00,240.67,0.00000000
128.00,245.68,0.00000000
128.00,250.70,0.00000000
128.00,255.71,0.00000000
128.00,260.72,0.00000000
128.00,265.74,0.00000000
128.00,270.75,0.00000000
128.00,275.77,0.00000000
128.00,280.78,0.00000000
128.00,285.79,0.00000000
128.00,290.81,0.00000000
128.00,295.82,0.00000000
128.00,300.84,0.00000000
128.00,305.85,0.00000000
128.00,310.86,0.00000000
128.00,315.88,0.00000000
128.00,320.89,0.00000000
128.00,325.91,0.00000000
128.00,330.92,0.00000000
128.00,335.93,0.00000000
128.00,340.95,0.00000000
128.00,345.96,0.00000000
128.00,350.97,0.00000000
128.00,355.99,0.00000000
132.00,0.00,0.00000000
132.00,5.01,0.00000000
132.00,10.03,0.00000000
132.00,15.04,0.00000000
132.00,20.06,0.00000000
132.00,25.07,0.00000000
132.00,30.08,0.00000000
132.00,35.10,0.00000000
132.00,40.11,0.00000000
132.00,45.13,0.00000000
132.00,50.14,0.00000000
132.00,55.15,0.00000000
132.00,60.17,0.00000000
132.00,65.18,0.00000000
132.00,70.19,0.00000000
132.00,75.21,0.00000000
132.00,80.22,0.00000000
132.00,85.24,0.00000000
132.00,90.25,0.00000000
132.00,95.26,0.00000000
132.00,100.28,0.00000000
132.00,105.29,0.00000000
132.00,110.31,0.00000000
132.00,115.32,0.00000000
132.00,120.33,0.00000000
132.00,125.35,0.00000000
132.00,130.36,0.00000000
132.00,135.38,0.00000000
132.00,140.39,0.00000000
132.00,145.40,0.00000000
132.00,150.42,0.00000000
132.00,155.43,0.00000000
132.00,160.45,0.00000000
132.00,165.46,0.00000000
132.00,170.47,0.00000000
132.00,175.49,0.00000000
132.00,180.50,0.00000000
132.00,185.52,0.00000000
132.00,190.53,0.00000000
132.00,195.54,0.00000000
132.00,200.56,0.00000000
132.00,205.57,0.00000000
132.00,210.58,0.00000000
132.00,215.60,0.00000000
132.00,220.61,0.00000000
132.00,225.63,0.00000000
132.00,230.64,0.00000000
132.00,235.65,0.00000000
132.00,240.67,0.00000000
132.00,245.68,0.00000000
132.00,250.70,0.00000000
132.00,255.71,0.00000000
132.00,260.72,0.00000000
132.00,265.74,0.00000000
132.00,270.75,0.00000000
132.00,275.77,0.00000000
132.00,280.78,0.00000000
132.00,285.79,0.00000000
132.00,290.81,0.00000000
132.00,295.82,0.00000000
132.00,300.84,0.00000000
132.00,305.85,0.00000000
132.00,310.86,0.00000000
132.00,315.88,0.00000000
132.00,320.89,0.00000000
132.00,325.91,0.00000000
132.00,330.92,0.00000000
132.00,335.93,0.00000000
132.00,340.95,0.00000000
132.00,345.96,0.00000000
132.00,350.97,0.00000000
132.00,355.99,0.00000000
136.00,0.00,0.00000000
136.00,5.01,0.00000000
136.00,10.03,0.00000000
136.00,15.04,0.00000000
136.00,20.06,0.00000000
136.00,25.07,0.00000000
136.00,30.08,0.00000000
136.00,35.10,0.00000000
136.00,40.11,0.00000000
136.00,45.13,0.00000000
136.00,50.14,0.00000000
136.00,55.15,0.00000000
136.00,60.17,0.00000000
136.00,65.18,0.00000000
136.00,70.19,0.00000000
136.00,75.21,0.00000000
136.00,80.22,0.00000000
136.00,85.24,0.00000000
136.00,90.25,0.00000000
136.00,95.26,0.00000000
136.00,100.28,0.00000000
136.00,105.29,0.00000000
136.00,110.31,0.00000000
136.00,115.32,0.00000000
136.00,120.33,0.00000000
136.00,125.35,0.00000000
136.00,130.36,0.00000000
136.00,135.38,0.00000000
136.00,140.39,0.00000000
136.00,145.40,0.00000000
136.00,150.42,0.00000000
136.00,155.43,0.00000000
136.00,160.45,0.00000000
136.00,165.46,0.00000000
136.00,170.47,0.00000000
136.00,175.49,0.00000000
136.00,180.50,0.00000000
136.00,185.52,0.00000000
136.00,190.53,0.00000000
136.00,195.54,0.00000000
136.00,200.56,0.00000000
136.00,205.57,0.00000000
136.00,210.58,0.00000000
136.00,215.60,0.00000000
136.00,220.61,0.00000000
136.00,225.63,0.00000000
136.00,230.64,0.00000000
136.00,235.65,0.00000000
136.00,240.67,0.00000000
136.00,245.68,0.00000000
136.00,250.70,0.00000000
136.00,255.71,0.00000000
136.00,260.72,0.00000000
136.00,265.74,0.00000000
136.00,270.75,0.00000000
136.00,275.77,0.00000000
136.00,280.78,0.00000000
136.00,285.79,0.00000000
136.00,290.81,0.00000000
136.00,295.82,0.00000000
136.00,300.84,0.00000000
136.00,305.85,0.00000000
136.00,310.86,0.00000000
136.00,315.88,0.00000000
136.00,320.89,0.00000000
136.00,325.91,0.00000000
136.00,330.92,0.00000000
136.00,335.93,0.00000000
136.00,340.95,0.00000000
136.00,345.96,0.00000000
136.00,350.97,0.00000000
136.00,355.99,0.00000000
140.00,0.00,0.00000000
140.00,5.01,0.00000000
140.00,10.03,0.00000000
140.00,15.04,0.00000000
140.00,20.06,0.00000000
140.00,25.07,0.00000000
140.00,30.08,0.00000000
140.00,35.10,0.00000000
140.00,40.11,0.00000000
140.00,45.13,0.00000000
140.00,50.14,0.00000000
140.00,55.15,0.00000000
140.00,60.17,0.00000000
140.00,65.18,0.00000000
140.00,70.19,0.00000000
140.00,75.21,0.00000000
140.00,80.22,0.00000000
140.00,85.24,0.00000000
140.00,90.25,0.00000000
140.00,95.26,0.00000000
140.00,100.28,0.00000000
140.00,105.29,0.00000000
140.00,110.31,0.00000000
140.00,115.32,0.00000000
140.00,120.33,0.00000000
140.00,125.35,0.00000000
140.00,130.36,0.00000000
140.00,135.38,0.00000000
140.00,140.39,0.00000000
140.00,145.40,0.00000000
140.00,150.42,0.00000000
140.00,155.43,0.00000000
140.00,160.45,0.00000000
140.00,165.46,0.00000000
140.00,170.47,0.00000000
140.00,175.49,0.00000000
140.00,180.50,0.00000000
140.00,185.52,0.00000000
140.00,190.53,0.00000000
140.00,195.54,0.00000000
140.00,200.56,0.00000000
140.00,205.57,0.00000000
140.00,210.58,0.00000000
140.00,215.60,0.00000000
140.00,220.61,0.00000000
140.00,225.63,0.00000000
140.00,230.64,0.00000000
140.00,235.65,0.00000000
140.00,240.67,0.00000000
140.00,245.68,0.00000000
140.00,250.70,0.00000000
140.00,255.71,0.00000000
140.00,260.72,0.00000000
140.00,265.74,0.00000000
140.00,270.75,0.00000000
140.00,275.77,0.00000000
140.00,280.78,0.00000000
140.00,285.79,0.00000000
140.00,290.81,0.00000000
140.00,295.82,0.00000000
140.00,300.84,0.00000000
140.00,305.85,0.00000000
140.00,310.86,0.00000000
140.00,315.88,0.00000000
140.00,320.89,0.00000000
140.00,325.91,0.00000000
140.00,330.92,0.00000000
140.00,335.93,0.00000000
140.00,340.95,0.00000000
140.00,345.96,0.00000000
140.00,350.97,0.00000000
140.00,355.99,0.00000000
144.00,0.00,0.00000000
144.00,5.01,0.00000000
144.00,10.03,0.00000000
144.00,15.04,0.00000000
144.00,20.06,0.00000000
144.00,25.07,0.00000000
144.00,30.08,0.00000000
144.00,35.10,0.00000000
144.00,40.11,0.00000000
144.00,45.13,0.00000000
144.00,50.14,0.00000000
144.00,55.15,0.00000000
144.00,60.17,0.00000000
144.00,65.18,0.00000000
144.00,70.19,0.00000000
144.00,75.21,0.00000000
144.00,80.22,0.00000000
144.00,85.24,0.00000000
144.00,90.25,0.00000000
144.00,95.26,0.00000000
144.00,100.28,0.00000000
144.00,105.29,0.00000000
144.00,110.31,0.00000000
144.00,115.32,0.00000000
144.00,120.33,0.00000000
144.00,125.35,0.00000000
144.00,130.36,0.00000000
144.00,135.38,0.00000000
144.00,140.39,0.00000000
144.00,145.40,0.00000000
144.00,150.42,0.00000000
144.00,155.43,0.00000000
144.00,160.45,0.00000000
144.00,165.46,0.00000000
144.00,170.47,0.00000000
144.00,175.49,0.00000000
144.00,180.50,0.00000000
144.00,185.52,0.00000000
144.00,190.53,0.00000000
144.00,195.54,0.00000000
144.00,200.56,0.00000000
144.00,205.57,0.00000000
144.00,210.58,0.00000000
144.00,215.60,0.00000000
144.00,220.61,0.00000000
144.00,225.63,0.00000000
144.00,230.64,0.00000000
144.00,235.65,0.00000000
144.00,240.67,0.00000000
144.00,245.68,0.00000000
144.00,250.70,0.00000000
144.00,255.71,0.00000000
144.00,260.72,0.00000000
144.00,265.74,0.00000000
144.00,270.75,0.00000000
144.00,275.77,0.00000000
144.00,280.78,0.00000000
144.00,285.79,0.00000000
144.00,290.81,0.00000000
144.00,295.82,0.00000000
144.00,300.84,0.00000000
144.00,305.85,0.00000000
144.00,310.86,0.00000000
144.00,315.88,0.00000000
144.00,320.89,0.00000000
144.00,325.91,0.00000000
144.00,330.92,0.00000000
144.00,335.93,0.00000000
144.00,340.95,0.00000000
144.00,345.96,0.00000000
144.00,350.97,0.00000000
144.00,355.99,0.00000000
148.00,0.00,0.00000000
148.00,5.01,0.00000000
148.00,10.03,0.00000000
148.00,15.04,0.00000000
148.00,20.06,0.00000000
148.00,25.07,0.00000000
148.00,30.08,0.00000000
148.00,35.10,0.00000000
148.00,40.11,0.00000000
148.00,45.13,0.00000000
148.00,50.14,0.00000000
148.00,55.15,0.00000000
148.00,60.17,0.00000000
148.00,65.18,0.00000000
148.00,70.19,0.00000000
148.00,75.21,0.00000000
148.00,80.22,0.00000000
148.00,85.24,0.00000000
148.00,90.25,0.00000000
148.00,95.26,0.00000000
148.00,100.28,0.00000000
148.00,105.29,0.00000000
148.00,110.31,0.00000000
148.00,115.32,0.00000000
148.00,120.33,0.00000000
148.00,125.35,0.00000000
148.00,130.36,0.00000000
148.00,135.38,0.00000000
148.00,140.39,0.00000000
148.00,145.40,0.00000000
148.00,150.42,0.00000000
148.00,155.43,0.00000000
148.00,160.45,0.00000000
148.00,165.46,0.00000000
148.00,170.47,0.00000000
148.00,175.49,0.00000000
148.00,180.50,0.00000000
148.00,185.52,0.00000000
148.00,190.53,0.00000000
148.00,195.54,0.00000000
148.00,200.56,0.00000000
148.00,205.57,0.00000000
148.00,210.58,0.00000000
148.00,215.60,0.00000000
148.00,220.61,0.00000000
148.00,225.63,0.00000000
148.00,230.64,0.00000000
148.00,235.65,0.00000000
148.00,240.67,0.00000000
148.00,245.68,0.00000000
148.00,250.70,0.00000000
148.00,255.71,0.00000000
148.00,260.72,0.00000000
148.00,265.74,0.00000000
148.00,270.75,0.00000000
148.00,275.77,0.00000000
148.00,280.78,0.00000000
148.00,285.79,0.00000000
148.00,290.81,0.00000000
148.00,295.82,0.00000000
148.00,300.84,0.00000000
148.00,305.85,0.00000000
148.00,310.86,0.00000000
148.00,315.88,0.00000000
148.00,320.89,0.00000000
148.00,325.91,0.00000000
148.00,330.92,0.00000000
148.00,335.93,0.00000000
148.00,340.95,0.00000000
148.00,345.96,0.00000000
148.00,350.97,0.00000000
148.00,355.99,0.00000000
152.00,0.00,0.00000000
152.00,5.01,0.00000000
152.00,10.03,0.00000000
152.00,15.04,0.00000000
152.00,20.06,0.00000000
152.00,25.07,0.00000000
152.00,30.08,0.00000000
152.00,35.10,0.00000000
152.00,40.11,0.00000000
152.00,45.13,0.00000000
152.00,50.14,0.00000000
152.00,55.15,0.00000000
152.00,60.17,0.00000000
152.00,65.18,0.00000000
152.00,70.19,0.00000000
152.00,75.21,0.00000000
152.00,80.22,0.00000000
152.00,85.24,0.00000000
152.00,90.25,0.00000000
152.00,95.26,0.00000000
152.00,100.28,0.00000000
152.00,105.29,0.00000000
152.00,110.31,0.00000000
152.00,115.32,0.00000000
152.00,120.33,0.00000000
152.00,125.35,0.00000000
152.00,130.36,0.00000000
152.00,135.38,0.00000000
152.00,140.39,0.00000000
152.00,145.40,0.00000000
152.00,150.42,0.00000000
152.00,155.43,0.00000000
152.00,160.45,0.00000000
152.00,165.46,0.00000000
152.00,170.47,0.00000000
152.00,175.49,0.00000000
152.00,180.50,0.00000000
152.00,185.52,0.00000000
152.00,190.53,0.00000000
152.00,195.54,0.00000000
152.00,200.56,0.00000000
152.00,205.57,0.00000000
152.00,210.58,0.00000000
152.00,215.60,0.00000000
152.00,220.61,0.00000000
152.00,225.63,0.00000000
152.00,230.64,0.00000000
152.00,235.65,0.00000000
152.00,240.67,0.00000000
152.00,245.68,0.00000000
152.00,250.70,0.00000000
152.00,255.71,0.00000000
152.00,260.72,0.00000000
152.00,265.74,0.00000000
152.00,270.75,0.00000000
152.00,275.77,0.00000000
152.00,280.78,0.00000000
152.00,285.79,0.00000000
152.00,290.81,0.00000000
152.00,295.82,0.00000000
152.00,300.84,0.00000000
152.00,305.85,0.00000000
152.00,310.86,0.00000000
152.00,315.88,0.00000000
152.00,320.89,0.00000000
152.00,325.91,0.00000000
152.00,330.92,0.00000000
152.00,335.93,0.00000000
152.00,340.95,0.00000000
152.00,345.96,0.00000000
152.00,350.97,0.00000000
152.00,355.99,0.00000000
156.00,0.00,0.00000000
156.00,5.01,0.00000000
156.00,10.03,0.00000000
156.00,15.04,0.00000000
156.00,20.06,0.00000000
156.00,25.07,0.00000000
156.00,30.08,0.00000000
156.00,35.10,0.00000000
156.00,40.11,0.00000000
156.00,45.13,0.00000000
156.00,50.14,0.00000000
156.00,55.15,0.00000000
156.00,60.17,0.00000000
156.00,65.18,0.00000000
156.00,70.19,0.00000000
156.00,75.21,0.00000000
156.00,80.22,0.00000000
156.00,85.24,0.00000000
156.00,90.25,0.00000000
156.00,95.26,0.00000000
156.00,100.28,0.00000000
156.00,105.29,0.00000000
156.00,110.31,0.00000000
156.00,115.32,0.00000000
156.00,120.33,0.00000000
156.00,125.35,0.00000000
156.00,130.36,0.00000000
156.00,135.38,0.00000000
156.00,140.39,0.00000000
156.00,145.40,0.00000000
156.00,150.42,0.00000000
156.00,155.43,0.00000000
156.00,160.45,0.00000000
156.00,165.46,0.00000000
156.00,170.47,0.00000000
156.00,175.49,0.00000000
156.00,180.50,0.00000000
156.00,185.52,0.00000000
156.00,190.53,0.00000000
156.00,195.54,0.00000000
156.00,200.56,0.00000000
156.00,205.57,0.00000000
156.00,210.58,0.00000000
156.00,215.60,0.00000000
156.00,220.61,0.00000000
156.00,225.63,0.00000000
156.00,230.64,0.00000000
156.00,235.65,0.00000000
156.00,240.67,0.00000000
156.00,245.68,0.00000000
156.00,250.70,0.00000000
156.00,255.71,0.00000000
156.00,260.72,0.00000000
156.00,265.74,0.00000000
156.00,270.75,0.00000000
156.00,275.77,0.00000000
156.00,280.78,0.00000000
156.00,285.79,0.00000000
156.00,290.81,0.00000000
156.00,295.82,0.00000000
156.00,300.84,0.00000000
156.00,305.85,0.00000000
156.00,310.86,0.00000000
156.00,315.88,0.00000000
156.00,320.89,0.00000000
156.00,325.91,0.00000000
156.00,330.92,0.00000000
156.00,335.93,0.00000000
156.00,340.95,0.00000000
156.00,345.96,0.00000000
156.00,350.97,0.00000000
156.00,355.99,0.00000000
160.00,0.00,0.00000000
160.00,5.01,0.00000000
160.00,10.03,0.00000000
160.00,15.04,0.00000000
160.00,20.06,0.00000000
160.00,25.07,0.00000000
160.00,30.08,0.00000000
160.00,35.10,0.00000000
160.00,40.11,0.00000000
160.00,45.13,0.00000000
160.00,50.14,0.00000000
160.00,55.15,0.00000000
160.00,60.17,0.00000000
160.00,65.18,0.00000000
160.00,70.19,0.00000000
160.00,75.21,0.00000000
160.00,80.22,0.00000000
160.00,85.24,0.00000000
160.00,90.25,0.00000000
160.00,95.26,0.00000000
160.00,100.28,0.00000000
160.00,105.29,0.00000000
160.00,110.31,0.00000000
160.00,115.32,0.00000000
160.00,120.33,0.00000000
160.00,125.35,0.00000000
160.00,130.36,0.00000000
160.00,135.38,0.00000000
160.00,140.39,0.00000000
160.00,145.40,0.00000000
160.00,150.42,0.00000000
160.00,155.43,0.00000000
160.00,160.45,0.00000000
160.00,165.46,0.00000000
160.00,170.47,0.00000000
160.00,175.49,0.00000000
160.00,180.50,0.00000000
160.00,185.52,0.00000000
160.00,190.53,0.00000000
160.00,195.54,0.00000000
160.00,200.56,0.00000000
160.00,205.57,0.00000000
160.00,210.58,0.00000000
160.00,215.60,0.00000000
160.00,220.61,0.00000000
160.00,225.63,0.00000000
160.00,230.64,0.00000000
160.00,235.65,0.00000000
160.00,240.67,0.00000000
160.00,245.68,0.00000000
160.00,250.70,0.00000000
160.00,255.71,0.00000000
160.00,260.72,0.00000000
160.00,265.74,0.00000000
160.00,270.75,0.00000000
160.00,275.77,0.00000000
160.00,280.78,0.00000000
160.00,285.79,0.00000000
160.00,290.81,0.00000000
160.00,295.82,0.00000000
160.00,300.84,0.00000000
160.00,305.85,0.00000000
160.00,310.86,0.00000000
160.00,315.88,0.00000000
160.00,320.89,0.00000000
160.00,325.91,0.00000000
160.00,330.92,0.00000000
160.00,335.93,0.00000000
160.00,340.95,0.00000000
160.00,345.96,0.00000000
160.00,350.97,0.00000000
160.00,355.99,0.00000000
164.00,0.00,0.00000000
164.00,5.01,0.00000000
164.00,10.03,0.00000000
164.00,15.04,0.00000000
164.00,20.06,0.00000000
164.00,25.07,0.00000000
164.00,30.08,0.00000000
164.00,35.10,0.00000000
164.00,40.11,0.00000000
164.00,45.13,0.00000000
164.00,50.14,0.00000000
164.00,55.15,0.00000000
164.00,60.17,0.00000000
164.00,65.18,0.00000000
164.00,70.19,0.00000000
164.00,75.21,0.00000000
164.00,80.22,0.00000000
164.00,85.24,0.00000000
164.00,90.25,0.00000000
164.00,95.26,0.00000000
164.00,100.28,0.00000000
164.00,105.29,0.00000000
164.00,110.31,0.00000000
164.00,115.32,0.00000000
164.00,120.33,0.00000000
164.00,125.35,0.00000000
164.00,130.36,0.00000000
164.00,135.38,0.00000000
164.00,140.39,0.00000000
164.00,145.40,0.00000000
164.00,150.42,0.00000000
164.00,155.43,0.00000000
164.00,160.45,0.00000000
164.00,165.46,0.00000000
164.00,170.47,0.00000000
164.00,175.49,0.00000000
164.00,180.50,0.00000000
164.00,185.52,0.00000000
164.00,190.53,0.00000000
164.00,195.54,0.00000000
164.00,200.56,0.00000000
164.00,205.57,0.00000000
164.00,210.58,0.00000000
164.00,215.60,0.00000000
164.00,220.61,0.00000000
164.00,225.63,0.00000000
164.00,230.64,0.00000000
164.00,235.65,0.00000000
164.00,240.67,0.00000000
164.00,245.68,0.00000000
164.00,250.70,0.00000000
164.00,255.71,0.00000000
164.00,260.72,0.00000000
164.00,265.74,0.00000000
164.00,270.75,0.00000000
164.00,275.77,0.00000000
164.00,280.78,0.00000000
164.00,285.79,0.00000000
164.00,290.81,0.00000000
164.00,295.82,0.00000000
164.00,300.84,0.00000000
164.00,305.85,0.00000000
164.00,310.86,0.00000000
164.00,315.88,0.00000000
164.00,320.89,0.00000000
164.00,325.91,0.00000000
164.00,330.92,0.00000000
164.00,335.93,0.00000000
164.00,340.95,0.00000000
164.00,345.96,0.00000000
164.00,350.97,0.00000000
164.00,355.99,0.00000000
168.00,0.00,0.00000000
168.00,5.01,0.00000000
168.00,10.03,0.00000000
168.00,15.04,0.00000000
168.00,20.06,0.00000000
168.00,25.07,0.00000000
168.00,30.08,0.00000000
168.00,35.10,0.00000000
168.00,40.11,0.00000000
168.00,45.13,0.00000000
168.00,50.14,0.00000000
168.00,55.15,0.00000000
168.00,60.17,0.00000000
168.00,65.18,0.00000000
168.00,70.19,0.00000000
168.00,75.21,0.00000000
168.00,80.22,0.00000000
168.00,85.24,0.00000000
168.00,90.25,0.00000000
168.00,95.26,0.00000000
168.00,100.28,0.00000000
168.00,105.29,0.00000000
168.00,110.31,0.00000000
168.00,115.32,0.00000000
168.00,120.33,0.00000000
168.00,125.35,0.00000000
168.00,130.36,0.00000000
168.00,135.38,0.00000000
168.00,140.39,0.00000000
168.00,145.40,0.00000000
168.00,150.42,0.00000000
168.00,155.43,0.00000000
168.00,160.45,0.00000000
168.00,165.46,0.00000000
168.00,170.47,0.00000000
168.00,175.49,0.00000000
168.00,180.50,0.00000000
168.00,185.52,0.00000000
168.00,190.53,0.00000000
168.00,195.54,0.00000000
168.00,200.56,0.00000000
168.00,205.57,0.00000000
168.00,210.58,0.00000000
168.00,215.60,0.00000000
168.00,220.61,0.00000000
168.00,225.63,0.00000000
168.00,230.64,0.00000000
168.00,235.65,0.00000000
168.00,240.67,0.00000000
168.00,245.68,0.00000000
168.00,250.70,0.00000000
168.00,255.71,0.00000000
168.00,260.72,0.00000000
168.00,265.74,0.00000000
168.00,270.75,0.00000000
168.00,275.77,0.00000000
168.00,280.78,0.00000000
168.00,285.79,0.00000000
168.00,290.81,0.00000000
168.00,295.82,0.00000000
168.00,300.84,0.00000000
168.00,305.85,0.00000000
168.00,310.86,0.00000000
168.00,315.88,0.00000000
168.00,320.89,0.00000000
168.00,325.91,0.00000000
168.00,330.92,0.00000000
168.00,335.93,0.00000000
168.00,340.95,0.00000000
168.00,345.96,0.00000000
168.00,350.97,0.00000000
168.00,355.99,0.00000000
172.00,0.00,0.00000000
172.00,5.01,0.00000000
172.00,10.03,0.00000000
172.00,15.04,0.00000000
172.00,20.06,0.00000000
172.00,25.07,0.00000000
172.00,30.08,0.00000000
172.00,35.10,0.00000000
172.00,40.11,0.00000000
172.00,45.13,0.00000000
172.00,50.14,0.00000000
172.00,55.15,0.00000000
172.00,60.17,0.00000000
172.00,65.18,0.00000000
172.00,70.19,0.00000000
172.00,75.21,0.00000000
172.00,80.22,0.00000000
172.00,85.24,0.00000000
172.00,90.25,0.00000000
172.00,95.26,0.00000000
172.00,100.28,0.00000000
172.00,105.29,0.00000000
172.00,110.31,0.00000000
172.00,115.32,0.00000000
172.00,120.33,0.00000000
172.00,125.35,0.00000000
172.00,130.36,0.00000000
172.00,135.38,0.00000000
172.00,140.39,0.00000000
172.00,145.40,0.00000000
172.00,150.42,0.00000000
172.00,155.43,0.00000000
172.00,160.45,0.00000000
172.00,165.46,0.00000000
172.00,170.47,0.00000000
172.00,175.49,0.00000000
172.00,180.50,0.00000000
172.00,185.52,0.00000000
172.00,190.53,0.00000000
172.00,195.54,0.00000000
172.00,200.56,0.00000000
172.00,205.57,0.00000000
172.00,210.58,0.00000000
172.00,215.60,0.00000000
172.00,220.61,0.00000000
172.00,225.63,0.00000000
172.00,230.64,0.00000000
172.00,235.65,0.00000000
172.00,240.67,0.00000000
172.00,245.68,0.00000000
172.00,250.70,0.00000000
172.00,255.71,0.00000000
172.00,260.72,0.00000000
172.00,265.74,0.00000000
172.00,270.75,0.00000000
172.00,275.77,0.00000000
172.00,280.78,0.00000000
172.00,285.79,0.00000000
172.00,290.81,0.00000000
172.00,295.82,0.00000000
172.00,300.84,0.00000000
172.00,305.85,0.00000000
172.00,310.86,0.00000000
172.00,315.88,0.00000000
172.00,320.89,0.00000000
172.00,325.91,0.00000000
172.00,330.92,0.00000000
172.00,335.93,0.00000000
172.00,340.95,0.00000000
172.00,345.96,0.00000000
172.00,350.97,0.00000000
172.00,355.99,0.00000000
176.00,0.00,0.00000000
176.00,5.01,0.00000000
176.00,10.03,0.00000000
176.00,15.04,0.00000000
176.00,20.06,0.00000000
176.00,25.07,0.00000000
176.00,30.08,0.00000000
176.00,35.10,0.00000000
176.00,40.11,0.00000000
176.00,45.13,0.00000000
176.00,50.14,0.00000000
176.00,55.15,0.00000000
176.00,60.17,0.00000000
176.00,65.18,0.00000000
176.00,70.19,0.00000000
176.00,75.21,0.00000000
176.00,80.22,0.00000000
176.00,85.24,0.00000000
176.00,90.25,0.00000000
176.00,95.26,0.00000000
176.00,100.28,0.00000000
176.00,105.29,0.00000000
176.00,110.31,0.00000000
176.00,115.32,0.00000000
176.00,120.33,0.00000000
176.00,125.35,0.00000000
176.00,130.36,0.00000000
176.00,135.38,0.00000000
176.00,140.39,0.00000000
176.00,145.40,0.00000000
176.00,150.42,0.00000000
176.00,155.43,0.00000000
176.00,160.45,0.00000000
176.00,165.46,0.00000000
176.00,170.47,0.00000000
176.00,175.49,0.00000000
176.00,180.50,0.00000000
176.00,185.52,0.00000000
176.00,190.53,0.00000000
176.00,195.54,0.00000000
176.00,200.56,0.00000000
176.00,205.57,0.00000000
176.00,210.58,0.00000000
176.00,215.60,0.00000000
176.00,220.61,0.00000000
176.00,225.63,0.00000000
176.00,230.64,0.00000000
176.00,235.65,0.00000000
176.00,240.67,0.00000000
176.00,245.68,0.00000000
176.00,250.70,0.00000000
176.00,255.71,0.00000000
176.00,260.72,0.00000000
176.00,265.74,0.00000000
176.00,270.75,0.00000000
176.00,275.77,0.00000000
176.00,280.78,0.00000000
176.00,285.79,0.00000000
176.00,290.81,0.00000000
176.00,295.82,0.00000000
176.00,300.84,0.00000000
176.00,305.85,0.00000000
176.00,310.86,0.00000000
176.00,315.88,0.00000000
176.00,320.89,0.00000000
176.00,325.91,0.00000000
176.00,330.92,0.00000000
176.00,335.93,0.00000000
176.00,340.95,0.00000000
176.00,345.96,0.00000000
176.00,350.97,0.00000000
176.00,355.99,0.00000000
180.00,0.00,0.00000000
180.00,5.01,0.00000000
180.00,10.03,0.00000000
180.00,15.04,0.00000000
180.00,20.06,0.00000000
180.00,25.07,0.00000000
180.00,30.08,0.00000000
180.00,35.10,0.00000000
180.00,40.11,0.00000000
180.00,45.13,0.00000000
180.00,50.14,0.00000000
180.00,55.15,0.00000000
180.00,60.17,0.00000000
180.00,65.18,0.00000000
180.00,70.19,0.00000000
180.00,75.21,0.00000000
180.00,80.22,0.00000000
180.00,85.24,0.00000000
180.00,90.25,0.00000000
180.00,95.26,0.00000000
180.00,100.28,0.00000000
180.00,105.29,0.00000000
180.00,110.31,0.00000000
180.00,115.32,0.00000000
180.00,120.33,0.00000000
180.00,125.35,0.00000000
180.00,130.36,0.00000000
180.00,135.38,0.00000000
180.00,140.39,0.00000000
180.00,145.40,0.00000000
180.00,150.42,0.00000000
180.00,155.43,0.00000000
180.00,160.45,0.00000000
180.00,165.46,0.00000000
180.00,170.47,0.00000000
180.00,175.49,0.00000000
180.00,180.50,0.00000000
180.00,185.52,0.00000000
180.00,190.53,0.00000000
180.00,195.54,0.00000000
180.00,200.56,0.00000000
180.00,205.57,0.00000000
180.00,210.58,0.00000000
180.00,215.60,0.00000000
180.00,220.61,0.00000000
180.00,225.63,0.00000000
180.00,230.64,0.00000000
180.00,235.65,0.00000000
180.00,240.67,0.00000000
180.00,245.68,0.00000000
180.00,250.70,0.00000000
180.00,255.71,0.00000000
180.00,260.72,0.00000000
180.00,265.74,0.00000000
180.00,270.75,0.00000000
180.00,275.77,0.00000000
180.00,280.78,0.00000000
180.00,285.79,0.00000000
180.00,290.81,0.00000000
180.00,295.82,0.00000000
180.00,300.84,0.00000000
180.00,305.85,0.00000000
180.00,310.86,0.00000000
180.00,315.88,0.00000000
180.00,320.89,0.00000000
180.00,325.91,0.00000000
180.00,330.92,0.00000000
180.00,335.93,0.00000000
180.00,340.95,0.00000000
180.00,345.96,0.00000000
180.00,350.97,0.00000000
180.00,355.99,0.00000000
